"Player","FG","TP","Points","TotalRebounds","Assists"
"Ben Simmons",NA,NA,NA,NA,NA
"Brandon Ingram",0.371,0.278,8,4.1,2
"Jaylen Brown",0.441,0.325,4.7,1.9,0.6
"Dragan Bender",0.388,0.317,3.1,2,0.4
"Kris Dunn",0.38,0.294,3.9,2.2,2.5
"Buddy Hield",0.396,0.382,9.2,2.8,1.4
"Jamal Murray",0.373,0.329,8,2.6,1.8
"Marquesse Chriss",0.426,0.313,7.2,3.4,0.6
"Jakob Poeltl",0.436,NA,2.3,3,0.2
"Thon Maker",0.6,0.556,2.3,1.2,0.1
"Domantas Sabonis",0.427,0.375,6.1,3.6,1.2
"Taurean Prince",0.386,0.321,3.5,2.1,0.7
"Georgios Papagiannis",1,NA,1,0.5,0
"Denzel Valentine",0.326,0.328,3.4,1.6,0.6
"Juan Hernangomez",0.448,0.407,3.3,2.4,0.4
"Guerschon Yabusele",NA,NA,NA,NA,NA
"Wade Baldwin",0.313,0.111,3.5,1.4,2.1
"Henry Ellenson",0.294,0.273,1.2,0.9,0.3
"Malik Beasley",0.333,0.308,2.8,0.5,0.3
"Caris LeVert",0.417,0.313,5.8,2.5,1.5
"DeAndre Bembry",0.484,0,2.4,1,0.3
"Malachi Richardson",0.385,0.333,3.4,0.8,0.4
"Ante Zizic",NA,NA,NA,NA,NA
"Timothe Luwawu",0.326,0.286,2.3,1,0.3
"Brice Johnson",NA,NA,NA,NA,NA
"Furkan Korkmaz",NA,NA,NA,NA,NA
"Pascal Siakam",0.503,0,4.8,3.6,0.4
"Skal Labissiere",0.625,NA,3,1.5,0
"Dejounte Murray",0.395,0.429,2.3,0.7,0.8
"Damian Jones",NA,NA,0,0,0
"Deyonta Davis",0.588,NA,2.2,2,0.1
"Ivica Zubac",0.294,NA,2.1,1.3,0.1
"Cheick Diallo",0.485,NA,5.6,3.7,0.3
"Tyler Ulis",0.405,0.375,3.2,0.7,1.4
"Rade Zagorac",NA,NA,NA,NA,NA
"Malcolm Brogdon",0.454,0.424,9.1,2.7,3.9
"Chinanu Onuaku",1,NA,6,3,1
"Patrick McCaw",0.382,0.372,2.7,1.1,0.9
"David Michineau",NA,NA,NA,NA,NA
"Diamond Stone",0.222,NA,1.5,0.8,0
"Stephen Zimmerman",0.455,NA,1.3,1.8,0.1
"Isaiah Whitehead",0.406,0.309,7,2.6,2.9
"Zhou Qi",NA,NA,NA,NA,NA
"Isaia Cordinier",NA,NA,NA,NA,NA
"Demetrius Jackson",0.75,1,2.5,1,0.8
"A.J. Hammons",0.409,0.667,1.4,1.2,0.1
"Jake Layman",0.333,0.265,2.5,0.6,0.3
"Paul Zipser",0.063,0,0.3,1.2,0.4
"Michael Gbinije",0.1,0,0.5,0.4,0.3
"Georges Niang",0.143,0.1,0.7,0.9,0.3
"Ben Bentil",NA,NA,NA,NA,NA
"Joel Bolomboy",0.6,0,0.9,1.1,0.1
"Petr Cornelie",NA,NA,NA,NA,NA
"Kay Felder",0.429,0.333,5.4,1.3,1.6
"Marcus Paige",NA,NA,NA,NA,NA
"Daniel Hamilton",NA,NA,NA,NA,NA
"Wang Zhelin",NA,NA,NA,NA,NA
"Abdel Nader",NA,NA,NA,NA,NA
"Isaiah Cousins",NA,NA,NA,NA,NA
"Tyrone Wallace",NA,NA,NA,NA,NA
"Karl-Anthony Towns",0.52,0.326,19.4,10.8,2.3
"D'Angelo Russell",0.408,0.352,13.8,3.5,3.7
"Jahlil Okafor",0.509,0.167,15.1,6.3,1.2
"Kristaps Porzingis",0.433,0.366,16.1,7.4,1.3
"Mario Hezonja",0.418,0.333,5.4,2,1.1
"Willie Cauley-Stein",0.561,0,6.2,4.3,0.5
"Emmanuel Mudiay",0.366,0.313,12.6,3.5,4.9
"Stanley Johnson",0.37,0.298,6.6,3.5,1.4
"Frank Kaminsky",0.402,0.315,8.4,4.3,1.5
"Justise Winslow",0.4,0.258,7.3,5.2,1.9
"Myles Turner",0.514,0.375,12.4,6.3,0.8
"Trey Lyles",0.425,0.365,7,3.8,0.9
"Devin Booker",0.417,0.34,15.6,2.6,2.8
"Cameron Payne",0.406,0.33,4.9,1.5,1.9
"Kelly Oubre",0.42,0.307,4.5,2.6,0.4
"Terry Rozier",0.34,0.289,3.5,2.3,1.3
"Rashad Vaughn",0.32,0.308,3.3,1.2,0.5
"Sam Dekker",0.482,0.33,6.1,3.8,1
"Jerian Grant",0.389,0.248,5.4,1.8,2.1
"Delon Wright",0.45,0.385,3.8,1.4,1.1
"Justin Anderson",0.399,0.287,5.1,2.8,0.6
"Bobby Portis",0.436,0.356,6.3,4.8,0.8
"Rondae Hollis-Jefferson",0.411,0.261,6.9,4.9,1.7
"Tyus Jones",0.385,0.346,3.9,1.3,2.6
"Jarell Martin",0.42,0.333,4.7,3.7,0.3
"Nikola Milutinov",NA,NA,NA,NA,NA
"Larry Nance Jr.",0.546,0.136,6,5.1,0.9
"R.J. Hunter",0.364,0.297,2.5,1,0.3
"Chris McCullough",0.415,0.359,4.1,2.5,0.3
"Kevon Looney",0.591,0.333,2.6,2.4,0.5
"Cedi Osman",NA,NA,NA,NA,NA
"Montrezl Harrell",0.658,0.333,6.3,2.6,0.7
"Jordan Mickey",0.429,NA,1.7,1.2,0.2
"Anthony Brown",0.317,0.277,3.9,2.5,0.7
"Willy Hernangomez",0.549,0.333,5.4,4.5,0.8
"Rakeem Christmas",0.5,NA,1.8,1,0.3
"Richaun Holmes",0.513,0.234,6,3.1,0.7
"Darrun Hilliard",0.382,0.35,3.8,1.1,0.8
"Juan Pablo Vaulet",NA,NA,NA,NA,NA
"Josh Richardson",0.421,0.378,8.2,2.5,1.9
"Pat Connaughton",0.355,0.292,1.2,0.9,0.3
"Olivier Hanlan",NA,NA,NA,NA,NA
"Joseph Young",0.362,0.203,3.4,1.1,1.3
"Andrew Harrison",0.305,0.24,7,2.4,3.6
"Marcus Thornton",NA,NA,NA,NA,NA
"Norman Powell",0.434,0.392,5.7,2,0.9
"Arturas Gudaitis",NA,NA,NA,NA,NA
"Dakari Johnson",NA,NA,NA,NA,NA
"Aaron White",NA,NA,NA,NA,NA
"Marcus Eriksson",NA,NA,NA,NA,NA
"Tyler Harvey",NA,NA,NA,NA,NA
"Satnam Singh",NA,NA,NA,NA,NA
"Sir'Dominic Pointer",NA,NA,NA,NA,NA
"Dani Diez",NA,NA,NA,NA,NA
"Cady Lalanne",NA,NA,NA,NA,NA
"Branden Dawson",0.4,NA,0.8,0.7,0
"Nikola Radicevic",NA,NA,NA,NA,NA
"J.P. Tokoto",NA,NA,NA,NA,NA
"Dimitrios Agravanis",NA,NA,NA,NA,NA
"Luka Mitrovic",NA,NA,NA,NA,NA
"Andrew Wiggins",0.447,0.316,19.4,4.1,2.1
"Jabari Parker",0.494,0.369,15.5,5.4,2
"Joel Embiid",0.466,0.368,19.4,7.3,2
"Aaron Gordon",0.455,0.3,8.5,5.2,1.4
"Dante Exum",0.365,0.31,5.2,1.7,2.2
"Marcus Smart",0.362,0.3,8.8,3.7,3.4
"Julius Randle",0.449,0.259,12,9.7,2.4
"Nik Stauskas",0.389,0.339,6.9,2,1.5
"Noah Vonleh",0.41,0.282,3.4,3.7,0.3
"Elfrid Payton",0.436,0.29,10.1,3.9,6.3
"Doug McDermott",0.445,0.397,7.9,2.2,0.7
"Dario Saric",0.385,0.341,9.6,5.9,1.6
"Zach LaVine",0.447,0.385,13.7,2.9,3.3
"T.J. Warren",0.49,0.338,10,3,0.8
"Adreian Payne",0.4,0.235,4.2,3.1,0.7
"Jusuf Nurkic",0.462,0,7.8,6.1,1.1
"James Young",0.349,0.253,2.1,1.1,0.4
"Tyler Ennis",0.408,0.313,3.7,1.2,1.9
"Gary Harris",0.438,0.323,9,2.3,1.5
"Bruno Caboclo",0.214,0.308,0.8,0.5,0.2
"Mitch McGary",0.527,0,4.4,3.5,0.3
"Jordan Adams",0.402,0.385,3.2,0.9,0.6
"Rodney Hood",0.416,0.355,12.6,3.1,2.2
"Shabazz Napier",0.368,0.347,4.3,1.4,1.9
"Clint Capela",0.598,0,7.7,6.4,0.6
"P.J. Hairston",0.343,0.295,6,2.4,0.5
"Bogdan Bogdanovic",NA,NA,NA,NA,NA
"C.J. Wilcox",0.388,0.333,2.1,0.5,0.5
"Josh Huestis",0.417,0.667,2.8,2,0
"Kyle Anderson",0.439,0.323,3.5,2.8,1.3
"Damien Inglis",0.351,0.231,1.8,1.6,0.5
"K.J. McDaniels",0.401,0.286,5.4,2.2,0.7
"Joe Harris",0.414,0.358,4.8,1.7,0.7
"Cleanthony Early",0.346,0.263,4.3,2.2,0.8
"Jarnell Stokes",0.581,NA,2.4,1.4,0.3
"Johnny O'Bryant III",0.395,1,3,2.4,0.5
"DeAndre Daniels",NA,NA,NA,NA,NA
"Spencer Dinwiddie",0.35,0.181,4.7,1.6,2.6
"Jerami Grant",0.406,0.292,7.8,3.6,1.3
"Glenn Robinson III",0.415,0.349,4,2.1,0.6
"Nikola Jokic",0.536,0.333,10.9,7.2,2.8
"Nick Johnson",0.347,0.238,2.6,1.4,0.4
"Walter Tavares",0.6,NA,2.3,1.8,0.3
"Markel Brown",0.382,0.297,5.3,2.1,1.2
"Dwight Powell",0.506,0.2,5.7,3.8,0.6
"Jordan Clarkson",0.44,0.34,13.9,3.5,2.7
"Russ Smith",0.319,0.188,2,0.6,0.7
"Lamar Patterson",0.35,0.245,2.4,1.4,1.1
"Cameron Bairstow",0.296,0.2,1.2,1,0.2
"Alec Brown",NA,NA,NA,NA,NA
"Thanasis Antetokounmpo",0.75,0,3,0.5,0
"Vasilije Micic",NA,NA,NA,NA,NA
"Alessandro Gentile",NA,NA,NA,NA,NA
"Nemanja Dangubic",NA,NA,NA,NA,NA
"Semaj Christon",0.345,0.179,3.2,1.4,2.5
"Roy Devyn Marble",0.304,0.222,2.2,1.6,0.7
"Louis Labeyrie",NA,NA,NA,NA,NA
"Jordan McRae",0.388,0.362,4.8,1.1,0.9
"Xavier Thames",NA,NA,NA,NA,NA
"Cory Jefferson",0.444,0.125,3.5,2.8,0.3
"Anthony Bennett",0.392,0.261,4.4,3.1,0.5
"Victor Oladipo",0.434,0.346,15.9,4.4,3.9
"Otto Porter",0.476,0.371,8.6,4.1,1.1
"Cody Zeller",0.493,0.167,7.8,5.5,1.2
"Alex Len",0.459,0.167,6.7,6.2,0.7
"Nerlens Noel",0.495,0.5,10.3,7.8,1.7
"Ben McLemore",0.413,0.343,9.2,2.5,1.2
"Kentavious Caldwell-Pope",0.411,0.34,11.5,3,1.5
"Trey Burke",0.388,0.335,11.1,2.2,3.8
"C.J. McCollum",0.454,0.41,14.7,2.5,2.7
"Michael Carter-Williams",0.41,0.251,14.1,5.5,5.9
"Steven Adams",0.575,0,7.1,6.3,0.8
"Kelly Olynyk",0.464,0.368,9.4,4.6,1.6
"Shabazz Muhammad",0.468,0.326,9.3,3,0.6
"Giannis Antetokounmpo",0.493,0.284,13.7,6.6,3.3
"Lucas Nogueira",0.621,0.25,3.3,3.1,0.5
"Dennis Schroder",0.431,0.335,10.3,2.2,4.1
"Shane Larkin",0.43,0.328,5.8,2,3.2
"Sergey Karasev",0.395,0.282,3,1.5,0.9
"Tony Snell",0.403,0.349,5.7,2.5,1
"Gorgui Dieng",0.517,0.318,8.8,7.1,1.6
"Mason Plumlee",0.568,0,8.9,6.4,1.9
"Solomon Hill",0.402,0.325,6,3.2,1.5
"Tim Hardaway",0.417,0.351,10,1.8,1.3
"Reggie Bullock",0.384,0.341,2.7,1.5,0.4
"Andre Roberson",0.468,0.277,4.2,3.6,0.8
"Rudy Gobert",0.594,0,8.1,9.2,1.1
"Livio Jean-Charles",NA,NA,NA,NA,NA
"Archie Goodwin",0.419,0.23,6.2,2,1.2
"Nemanja Nedovic",0.205,0.167,1.1,0.6,0.5
"Allen Crabbe",0.45,0.4,7.8,2.2,1
"Alex Abrines",0.378,0.354,5.7,1.3,0.5
"Carrick Felix",0.5,0.4,2.7,0.9,0.6
"Isaiah Canaan",0.369,0.353,8.8,1.9,1.6
"Glen Rice",0.269,0.25,2.7,1.5,0.6
"Ray McCallum",0.408,0.335,6,2,2.4
"Tony Mitchell",0.417,1,1,1.2,0.1
"Nate Wolters",0.426,0.261,5.8,2.3,2.6
"Jeff Withey",0.533,0,3.3,2.6,0.3
"Grant Jerrett",0.269,0.067,2,1.1,0.4
"Jamaal Franklin",0.415,0.462,1.8,1,0.4
"Pierre Jackson",0.214,0.333,3,0.5,1.8
"Ricky Ledo",0.336,0.371,3.9,1.4,0.8
"Mike Muscala",0.513,0.391,4.9,2.7,0.8
"Marko Todorovic",NA,NA,NA,NA,NA
"Erick Green",0.377,0.288,3.1,0.7,0.8
"Raul Neto",0.438,0.391,5.3,1.4,1.9
"Ryan Kelly",0.38,0.314,6.2,3.2,1.4
"Erik Murphy",0.231,0,0.3,0.3,0.1
"James Ennis",0.438,0.384,6.2,3,0.9
"Romero Osby",NA,NA,NA,NA,NA
"Lorenzo Brown",0.369,0.152,3.3,1.7,2.3
"Colton Iverson",NA,NA,NA,NA,NA
"Arsalan Kazemi",NA,NA,NA,NA,NA
"Joffrey Lauvergne",0.486,0.287,6.3,4.1,0.9
"Peyton Siva",0.316,0.28,2.3,0.6,1.4
"Alex Oriakhi",NA,NA,NA,NA,NA
"Deshaun Thomas",NA,NA,NA,NA,NA
"Bojan Dubljevic",NA,NA,NA,NA,NA
"Janis Timma",NA,NA,NA,NA,NA
"Anthony Davis",0.513,0.288,21.8,10,1.7
"Michael Kidd-Gilchrist",0.464,0.226,9.1,6.3,1.3
"Bradley Beal",0.43,0.396,16.7,3.6,3
"Dion Waiters",0.408,0.332,12.8,2.6,2.5
"Thomas Robinson",0.464,0,4.8,4.9,0.6
"Damian Lillard",0.429,0.368,21.9,3.9,6.3
"Harrison Barnes",0.452,0.374,11.2,4.7,1.4
"Terrence Ross",0.423,0.376,9.4,2.6,0.9
"Andre Drummond",0.551,0.286,13.4,12.7,0.7
"Austin Rivers",0.413,0.345,7.9,1.9,2
"Meyers Leonard",0.469,0.374,5.8,4,0.8
"Jeremy Lamb",0.433,0.325,7.7,2.9,1.1
"Kendall Marshall",0.399,0.37,5,1.6,4.9
"John Henson",0.533,0,7.8,5.2,1
"Maurice Harkless",0.467,0.313,7.3,3.7,0.8
"Royce White",0,NA,0,0,0
"Tyler Zeller",0.498,0,7.3,4.6,0.9
"Terrence Jones",0.503,0.294,10.4,5.7,1
"Andrew Nicholson",0.47,0.327,6.1,3.1,0.5
"Evan Fournier",0.448,0.385,11.7,2.5,2.1
"Jared Sullinger",0.439,0.276,11.1,7.7,1.8
"Fab Melo",0.5,NA,1.2,0.5,0
"John Jenkins",0.448,0.364,5.1,1.5,0.8
"Jared Cunningham",0.347,0.306,2.3,0.7,0.5
"Tony Wroten",0.413,0.231,11.1,2.5,3
"Miles Plumlee",0.531,NA,5.2,4.9,0.4
"Arnett Moultrie",0.547,NA,3.6,3.1,0.2
"Perry Jones",0.42,0.293,3.4,1.8,0.4
"Marquis Teague",0.349,0.22,2.3,1,1.4
"Festus Ezeli",0.513,NA,4.2,4.3,0.4
"Jeff Taylor",0.409,0.319,6.1,2,0.8
"Tomas Satoransky",0.397,0.105,3.1,1.5,2.2
"Bernard James",0.497,0,2.2,2.3,0.1
"Jae Crowder",0.431,0.337,8.2,3.5,1.3
"Draymond Green",0.441,0.34,8.9,6.7,3.8
"Orlando Johnson",0.358,0.311,3.2,1.7,0.7
"Quincy Acy",0.494,0.328,4.5,3.5,0.6
"Quincy Miller",0.35,0.292,4.3,2.4,0.5
"Khris Middleton",0.449,0.4,13.6,3.8,2.7
"Will Barton",0.424,0.316,8.5,3.5,1.6
"Tyshawn Taylor",0.354,0.36,2.9,0.5,0.9
"Doron Lamb",0.381,0.394,3.5,1,0.8
"Mike Scott",0.463,0.339,7.2,3,0.9
"Kim English",0.375,0.28,2.9,0.9,0.6
"Justin Hamilton",0.452,0.327,5.7,3.6,0.8
"Darius Miller",0.42,0.351,3.1,1.3,0.9
"Kevin Murphy",0.25,0.2,0.9,0.2,0.1
"Kostas Papanikolaou",0.354,0.297,3.6,2.3,1.5
"Kyle O'Quinn",0.502,0.227,5.3,4.4,1.1
"Izzet Turkyilmaz",NA,NA,NA,NA,NA
"Kris Joseph",0.143,0,0.9,0.7,0.1
"Ognjen Kuzmic",0.52,NA,0.9,1,0.2
"Furkan Aldemir",0.513,0,2.3,4.3,0.7
"Tornike Shengelia",0.451,0.125,1.3,0.9,0.4
"Darius Johnson-Odom",0,0,0,0.9,0.3
"Tomislav Zubcic",NA,NA,NA,NA,NA
"Ilkan Karaman",NA,NA,NA,NA,NA
"Robbie Hummel",0.418,0.343,3.9,2.7,0.5
"Marcus Denmon",NA,NA,NA,NA,NA
"Robert Sacre",0.436,0,4.2,3.1,0.7
"Kyrie Irving",0.454,0.382,21.1,3.4,5.5
"Derrick Williams",0.431,0.293,9.2,4.1,0.7
"Enes Kanter",0.53,0.326,11,6.7,0.6
"Tristan Thompson",0.507,0,9.4,8.7,0.8
"Jonas Valanciunas",0.553,0,11.4,8.4,0.6
"Jan Vesely",0.521,0,3.6,3.5,0.6
"Bismack Biyombo",0.507,0,4.8,6.6,0.4
"Brandon Knight",0.415,0.359,15.6,3.4,4.4
"Kemba Walker",0.41,0.345,17.9,3.9,5.4
"Jimmer Fredette",0.412,0.381,6,1,1.4
"Klay Thompson",0.452,0.416,18.7,3.3,2.3
"Alec Burks",0.432,0.364,10.5,2.9,1.9
"Markieff Morris",0.444,0.323,11.6,5.5,1.7
"Marcus Morris",0.428,0.359,10.4,4.1,1.5
"Kawhi Leonard",0.495,0.394,15.2,6.2,2.1
"Nikola Vucevic",0.505,0.288,14.4,9.8,2
"Iman Shumpert",0.395,0.338,7.3,3.5,2
"Chris Singleton",0.376,0.319,4.1,3.2,0.6
"Tobias Harris",0.467,0.329,13.6,5.7,1.6
"Donatas Motiejunas",0.476,0.312,7.8,4,1.1
"Nolan Smith",0.371,0.26,3.3,1,1.2
"Kenneth Faried",0.543,0.118,12,8.6,1.1
"Nikola Mirotic",0.403,0.346,10.6,5.2,1.2
"Reggie Jackson",0.433,0.319,12.1,3.1,4.3
"MarShon Brooks",0.442,0.326,7.7,2.2,1.4
"Jordan Hamilton",0.408,0.357,5.9,2.8,0.8
"JaJuan Johnson",0.446,NA,3.2,1.6,0.2
"Norris Cole",0.409,0.326,7.1,2,2.8
"Cory Joseph",0.456,0.317,6.4,2.1,2.3
"Jimmy Butler",0.446,0.33,14.8,4.7,2.8
"Bojan Bogdanovic",0.442,0.369,10.9,3,1.2
"Justin Harper",0.317,0.273,1.7,0.7,0.1
"Kyle Singler",0.419,0.366,6.8,3,0.8
"Shelvin Mack",0.425,0.324,6.3,1.9,3
"Tyler Honeycutt",0.314,0.2,1.2,1,0.4
"Jordan Williams",0.507,NA,4.6,3.6,0.3
"Trey Thompkins",0.393,0.308,2.4,1,0.1
"Chandler Parsons",0.471,0.377,14,4.9,3
"Jeremy Tyler",0.45,0,3.6,2.6,0.2
"Jon Leuer",0.485,0.357,6.3,3.9,0.8
"Darius Morris",0.384,0.322,3.3,1,1.4
"Davis Bertans",0.453,0.407,3.4,1.1,0.6
"Malcolm Lee",0.382,0.294,3.9,1.8,1.4
"Charles Jenkins",0.434,0.182,3.7,0.9,1.9
"Josh Harrellson",0.438,0.347,3.5,3,0.3
"Andrew Goudelock",0.393,0.345,4,0.7,0.5
"Travis Leslie",0.357,NA,1.4,0.9,0.5
"Keith Benson",0,NA,0,1,0
"Josh Selby",0.33,0.143,2.2,0.5,0.9
"Lavoy Allen",0.467,0.133,4.8,4.8,1
"Jon Diebler",NA,NA,NA,NA,NA
"Vernon Macklin",0.543,NA,2,1.5,0.2
"DeAndre Liggins",0.424,0.382,2.2,1.4,0.6
"Milan Macvan",NA,NA,NA,NA,NA
"E'Twaun Moore",0.43,0.369,6.2,1.7,1.7
"Chukwudiebere Maduabum",NA,NA,NA,NA,NA
"Targuy Ngombo",NA,NA,NA,NA,NA
"Ater Majok",NA,NA,NA,NA,NA
"Adam Hanga",NA,NA,NA,NA,NA
"Isaiah Thomas",0.439,0.364,18,2.6,5.1
"John Wall",0.433,0.319,18.4,4.5,9.1
"Evan Turner",0.432,0.304,10.6,5.1,3.7
"Derrick Favors",0.509,0.143,11.5,7.2,1.1
"Wesley Johnson",0.406,0.34,7.8,3.4,1.2
"DeMarcus Cousins",0.459,0.327,20.8,10.7,2.8
"Ekpe Udoh",0.429,0,4,3.2,0.7
"Greg Monroe",0.509,0,14.2,9,2.3
"Al-Farouq Aminu",0.427,0.318,7,5.5,1.2
"Gordon Hayward",0.44,0.363,15.1,4.1,3.4
"Paul George",0.427,0.366,17.4,6.2,3.1
"Cole Aldrich",0.531,NA,3.5,3.7,0.6
"Xavier Henry",0.406,0.325,5.7,1.9,0.6
"Ed Davis",0.561,0,6.8,6.4,0.8
"Patrick Patterson",0.46,0.367,7.9,4.8,1.2
"Larry Sanders",0.48,0,6.5,5.8,0.7
"Luke Babbitt",0.4,0.395,4.6,2.3,0.6
"Kevin Seraphin",0.485,0,6,3.5,0.6
"Eric Bledsoe",0.448,0.329,12.5,3.7,4.4
"Avery Bradley",0.443,0.368,12.1,3,1.7
"James Anderson",0.411,0.321,5.8,2.3,1.2
"Craig Brackins",0.265,0.214,1.8,1.1,0.5
"Elliot Williams",0.421,0.31,4.9,1.5,0.9
"Trevor Booker",0.516,0.318,6.7,5.5,1
"Damion James",0.415,0,3.8,3.4,0.7
"Dominique Jones",0.366,0.095,3.1,1.4,1.8
"Quincy Pondexter",0.424,0.365,5.3,2,0.8
"Jordan Crawford",0.405,0.306,12.2,2.6,3.2
"Greivis Vasquez",0.418,0.349,9,2.5,4.8
"Daniel Orton",0.485,0,2.8,2.5,0.5
"Lazar Hayward",0.347,0.269,2.9,1.3,0.5
"Tibor Pleiss",0.44,0,2,1.3,0.2
"Dexter Pittman",0.45,NA,2.3,1.8,0.2
"Hassan Whiteside",0.593,NA,12.9,10.8,0.3
"Armon Johnson",0.458,0.4,3.3,1,1.2
"Nemanja Bjelica",0.443,0.359,5.4,3.3,1.3
"Terrico White",NA,NA,NA,NA,NA
"Darington Hobson",0.154,0,0.8,0.6,1.2
"Andy Rautins",0.429,0.25,1.6,0.2,0.6
"Landry Fields",0.473,0.332,6.8,4.3,1.6
"Lance Stephenson",0.451,0.305,8.8,4.2,3
"Jarvis Varnado",0.582,NA,2.9,1.9,0.4
"Da'Sean Butler",NA,NA,NA,NA,NA
"Devin Ebanks",0.385,0.222,3.6,1.9,0.4
"Jerome Jordan",0.528,NA,2.8,2,0.3
"Paulao Prestes",NA,NA,NA,NA,NA
"Gani Lawal",NA,NA,0,0,0
"Tiny Gallon",NA,NA,NA,NA,NA
"Latavious Williams",NA,NA,NA,NA,NA
"Ryan Richards",NA,NA,NA,NA,NA
"Solomon Alabi",0.314,NA,1.5,2.3,0.2
"Magnum Rolle",NA,NA,NA,NA,NA
"Luke Harangody",0.376,0.241,3.6,2.8,0.5
"Pape Sy",0.333,0,2.3,1,0.7
"Willie Warren",0.371,0.333,1.9,0.6,1.4
"Jeremy Evans",0.568,0.231,3.5,2.6,0.4
"Hamady N'Diaye",0.467,NA,0.6,0.8,0.1
"Ryan Reid",0.8,NA,1.6,0.4,0
"Derrick Caracter",0.485,NA,2,1,0.2
"Stanley Robinson",NA,NA,NA,NA,NA
"Dwayne Collins",NA,NA,NA,NA,NA
"Blake Griffin",0.519,0.266,21.4,9.5,4.1
"Hasheem Thabeet",0.567,NA,2.2,2.7,0.1
"James Harden",0.443,0.366,21.6,4.8,5.4
"Tyreke Evans",0.445,0.289,16.4,4.8,5.3
"Ricky Rubio",0.369,0.311,9.8,4.3,8.2
"Jonny Flynn",0.4,0.338,9.2,1.9,3.9
"Stephen Curry",0.476,0.44,22.6,4.3,6.8
"Jordan Hill",0.497,0.136,7.9,5.9,0.8
"DeMar DeRozan",0.445,0.28,18.8,4,2.7
"Brandon Jennings",0.39,0.348,15,3.1,5.8
"Terrence Williams",0.412,0.317,7.1,3.6,2.4
"Gerald Henderson",0.443,0.327,11.4,3.3,1.9
"Tyler Hansbrough",0.439,0.136,6.7,4.2,0.4
"Earl Clark",0.403,0.328,4.4,3,0.5
"Austin Daye",0.402,0.351,5.2,2.6,0.7
"James Johnson",0.478,0.295,6.9,3.3,1.6
"Jrue Holiday",0.438,0.367,14.1,3.5,6.1
"Ty Lawson",0.459,0.362,12.7,2.8,6
"Jeff Teague",0.447,0.352,12.4,2.3,5.3
"Eric Maynor",0.392,0.35,4.3,1.3,2.8
"Darren Collison",0.467,0.374,12.6,2.6,4.8
"Victor Claver",0.398,0.293,3.2,2.2,0.7
"Omri Casspi",0.442,0.368,8.4,4.2,1.2
"Byron Mullens",0.408,0.319,7.4,4.2,0.8
"Rodrigue Beaubois",0.439,0.325,7.1,1.9,2.1
"Taj Gibson",0.494,0.083,9.3,6.4,1
"DeMarre Carroll",0.451,0.372,8.1,3.8,1.1
"Wayne Ellington",0.411,0.371,7.3,2.1,1.1
"Toney Douglas",0.405,0.359,7.8,2.2,2.3
"Christian Eyenga",0.411,0.277,6.3,2.7,0.8
"Jeff Pendergraph",0.553,0.4,2.9,2.7,0.4
"Jermaine Taylor",0.441,0.284,5.4,1.7,0.7
"Dante Cunningham",0.466,0.305,6,3.8,0.7
"Sergio Llull",NA,NA,NA,NA,NA
"DaJuan Summers",0.384,0.367,3.3,1,0.3
"Sam Young",0.442,0.28,5.8,2.3,0.7
"DeJuan Blair",0.524,0,6.8,5.1,0.8
"Jon Brockman",0.488,0,2.1,3.1,0.3
"Jonas Jerebko",0.459,0.356,6.5,4.1,0.8
"Derrick Brown",0.515,0.317,5.2,2.4,0.7
"Jodie Meeks",0.421,0.374,9.8,2.2,1.1
"Patrick Beverley",0.415,0.376,9.2,3.8,3.3
"Marcus Thornton",0.425,0.358,11.9,2.8,1.4
"Chase Budinger",0.43,0.352,7.9,3,1.2
"Nick Calathes",0.441,0.288,4.6,1.9,2.7
"Danny Green",0.429,0.407,9,3.4,1.6
"Henk Norel",NA,NA,NA,NA,NA
"Taylor Griffin",0.4,0,1.3,0.3,0.1
"Sergiy Gladyr",NA,NA,NA,NA,NA
"Goran Suton",NA,NA,NA,NA,NA
"Jack McClinton",NA,NA,NA,NA,NA
"A.J. Price",0.38,0.316,5.8,1.4,2.2
"Nando De Colo",0.429,0.363,3.8,1.8,1.7
"Robert Vaden",NA,NA,NA,NA,NA
"Patrick Mills",0.439,0.393,7.7,1.5,2
"Ahmad Nivins",NA,NA,NA,NA,NA
"Emir Preldzic",NA,NA,NA,NA,NA
"Lester Hudson",0.375,0.277,4.7,1.4,1.2
"Chinemelu Elonu",NA,NA,NA,NA,NA
"Robert Dozier",NA,NA,NA,NA,NA
"Derrick Rose",0.448,0.3,19.5,3.7,6.1
"Michael Beasley",0.455,0.346,12.7,4.7,1.3
"O.J. Mayo",0.429,0.373,13.8,3.1,2.9
"Russell Westbrook",0.434,0.307,22.1,5.9,7.8
"Kevin Love",0.444,0.366,18.5,11.5,2.4
"Danilo Gallinari",0.416,0.367,15.1,4.6,1.9
"Eric Gordon",0.435,0.387,16.7,2.5,3.3
"Joe Alexander",0.41,0.34,4.2,1.8,0.7
"D.J. Augustin",0.404,0.375,9.7,1.8,3.9
"Brook Lopez",0.508,0.324,18.4,7.2,1.5
"Jerryd Bayless",0.414,0.366,8.6,2.1,2.9
"Jason Thompson",0.496,0.143,8.9,6.6,1.1
"Brandon Rush",0.429,0.403,6.9,3,1
"Anthony Randolph",0.453,0.241,7.1,4.3,0.7
"Robin Lopez",0.528,0,8.5,5.5,0.6
"Marreese Speights",0.465,0.342,8,4.2,0.6
"Roy Hibbert",0.464,0.25,10.1,6.4,1.4
"JaVale McGee",0.547,0.125,7.9,5.1,0.3
"J.J. Hickson",0.505,0,9.5,6.8,0.8
"Alexis Ajinca",0.5,0.293,5.2,3.9,0.5
"Ryan Anderson",0.424,0.38,13.2,5.5,0.9
"Courtney Lee",0.45,0.389,9.6,2.6,1.6
"Kosta Koufos",0.533,0,5.6,4.9,0.4
"Serge Ibaka",0.52,0.36,11.8,7.4,0.6
"Nicolas Batum",0.439,0.358,11.9,5.3,3.5
"George Hill",0.453,0.381,11.5,3.2,3.3
"Darrell Arthur",0.445,0.337,6.7,3.6,0.8
"Donte Greene",0.406,0.304,6.1,2.4,0.7
"D.J. White",0.507,0.333,5.9,3.2,0.6
"J.R. Giddens",0.476,0,1.9,1.4,0.3
"Nikola Pekovic",0.518,NA,12.6,6.7,0.7
"Walter Sharpe",0.364,0,1,0.4,0
"Joey Dorsey",0.534,0,2.6,3.9,0.4
"Mario Chalmers",0.421,0.358,9,2.5,3.8
"DeAndre Jordan",0.67,0.1,8.9,9.9,0.6
"Omer Asik",0.529,0,5.5,7.4,0.6
"Luc Mbah a Moute",0.447,0.318,6.3,4.4,0.9
"Kyle Weaver",0.441,0.353,5,2.2,1.6
"Sonny Weems",0.465,0.283,6.5,2.2,1.4
"Chris Douglas-Roberts",0.439,0.329,7.1,2.1,1.1
"Nathan Jawai",0.435,0,2.8,2.4,0.5
"Sean Singletary",0.365,0.4,2.4,0.9,0.8
"Patrick Ewing",0,0,0.4,0.3,0.3
"Ante Tomic",NA,NA,NA,NA,NA
"Goran Dragic",0.469,0.359,12.8,2.9,4.8
"Trent Plaisted",NA,NA,NA,NA,NA
"Bill Walker",0.446,0.369,6,2.2,0.8
"Malik Hairston",0.512,0.167,2.4,1.2,0.5
"Richard Hendrix",NA,NA,NA,NA,NA
"DeVon Hardin",NA,NA,NA,NA,NA
"Shan Foster",NA,NA,NA,NA,NA
"Darnell Jackson",0.449,0.235,2.2,1.5,0.2
"Tadija Dragicevic",NA,NA,NA,NA,NA
"Maarty Leunen",NA,NA,NA,NA,NA
"Mike Taylor",0.412,0.325,5.7,1.7,2.1
"Sasha Kaun",0.529,NA,0.9,1,0.1
"James Gist",NA,NA,NA,NA,NA
"Joe Crawford",0.3,0.25,4.5,2,0.5
"Deron Washington",NA,NA,NA,NA,NA
"Semih Erden",0.546,NA,3.8,2.8,0.4
"Greg Oden",0.574,NA,8,6.2,0.5
"Kevin Durant",0.486,0.38,27.3,7.1,3.7
"Al Horford",0.53,0.339,14.4,8.8,2.8
"Mike Conley",0.44,0.376,13.8,2.9,5.6
"Jeff Green",0.437,0.337,13.7,4.8,1.6
"Yi Jianlian",0.404,0.333,7.9,4.9,0.7
"Corey Brewer",0.424,0.285,9.5,2.9,1.6
"Brandan Wright",0.608,0,7.1,3.7,0.5
"Joakim Noah",0.491,0,9.1,9.4,2.9
"Spencer Hawes",0.457,0.352,8.8,5.8,1.9
"Acie Law",0.413,0.235,3.9,1,1.6
"Thaddeus Young",0.499,0.331,13.8,5.9,1.5
"Julian Wright",0.499,0.262,3.9,2.3,0.8
"Al Thornton",0.452,0.293,11.9,4.2,1.2
"Rodney Stuckey",0.425,0.299,12.8,3,3.6
"Nick Young",0.42,0.376,11.9,2,1
"Sean Williams",0.511,0,4.2,3.4,0.3
"Marco Belinelli",0.425,0.383,9.6,2,1.6
"Javaris Crittenton",0.442,0.231,5.3,2.4,1.8
"Jason Smith",0.468,0.306,6.3,3.4,0.8
"Daequan Cook",0.369,0.359,6.4,2.1,0.7
"Jared Dudley",0.47,0.401,8.4,3.4,1.6
"Wilson Chandler",0.443,0.34,13.9,5.4,1.8
"Rudy Fernandez",0.399,0.36,9.1,2.4,2.2
"Morris Almond",0.381,0.292,3.1,1.2,0.3
"Aaron Brooks",0.414,0.369,10.4,1.8,3.2
"Arron Afflalo",0.451,0.384,11.4,3,1.9
"Tiago Splitter",0.557,0,8,5.1,1.2
"Alando Tucker",0.423,0.294,4.1,1,0.3
"Petteri Koponen",NA,NA,NA,NA,NA
"Carl Landry",0.535,0.3,10.8,4.9,0.7
"Gabe Pruitt",0.321,0.283,2,0.8,0.8
"Marcus Williams",0.318,NA,1.1,0.9,0.2
"Nick Fazekas",0.561,0,4.1,3.4,0.4
"Glen Davis",0.447,0.182,8,4.4,0.9
"Jermareo Davidson",0.425,NA,3.1,1.8,0.3
"Josh McRoberts",0.464,0.341,5.4,3.9,2.1
"Kyrylo Fesenko",0.496,0,2.3,2,0.3
"Stanko Barac",NA,NA,NA,NA,NA
"Sun Yue",0.273,0,0.6,0,0.2
"Chris Richard",0.483,NA,1.9,2.8,0.4
"Derrick Byars",0.273,0,5,5.5,0.5
"Adam Haluska",NA,NA,NA,NA,NA
"Reyshawn Terry",NA,NA,NA,NA,NA
"Jared Jordan",NA,NA,NA,NA,NA
"Stephane Lasme",0.451,NA,5.2,3.3,0.2
"Dominic McGuire",0.419,0.188,2.7,3.4,1.2
"Marc Gasol",0.499,0.323,14.7,7.7,3.1
"Aaron Gray",0.509,0,3.4,3.7,0.7
"Renaldas Seibutis",NA,NA,NA,NA,NA
"JamesOn Curry",NA,NA,0,0,0
"Taurean Green",0.28,0.182,1.6,0.6,0.6
"Demetris Nichols",0.281,0.2,1.2,0.4,0.1
"Brad Newley",NA,NA,NA,NA,NA
"Herbert Hill",NA,NA,NA,NA,NA
"Ramon Sessions",0.437,0.313,10.6,2.7,4.2
"Sammy Mejia",NA,NA,NA,NA,NA
"Giorgos Printezis",NA,NA,NA,NA,NA
"D.J. Strawberry",0.315,0.24,2.2,0.8,0.9
"Milovan Rakovic",NA,NA,NA,NA,NA
"Andrea Bargnani",0.439,0.354,14.3,4.6,1.2
"LaMarcus Aldridge",0.488,0.28,19.2,8.4,1.9
"Adam Morrison",0.373,0.331,7.5,2.1,1.4
"Tyrus Thomas",0.438,0.235,7.7,4.8,0.9
"Shelden Williams",0.462,0.222,4.5,4.3,0.5
"Brandon Roy",0.459,0.348,18.8,4.3,4.7
"Randy Foye",0.402,0.367,10.6,2.2,2.9
"Rudy Gay",0.452,0.343,18.4,5.9,2.3
"Patrick O'Bryant",0.494,0,2.1,1.4,0.3
"Mouhamed Sene",0.427,NA,2.2,1.6,0
"J.J. Redick",0.449,0.414,11.7,1.9,1.9
"Hilton Armstrong",0.501,0.286,3,2.6,0.3
"Thabo Sefolosha",0.448,0.343,5.9,3.9,1.5
"Ronnie Brewer",0.49,0.254,7.8,2.8,1.6
"Cedric Simmons",0.409,NA,2.2,1.9,0.2
"Rodney Carney",0.422,0.338,5.9,2,0.4
"Shawne Williams",0.403,0.339,5.6,3,0.7
"Oleksiy Pecherov",0.386,0.29,3.9,2.4,0.2
"Quincy Douby",0.389,0.312,4.1,1.1,0.7
"Renaldo Balkman",0.51,0.172,4,3.5,0.6
"Rajon Rondo",0.464,0.291,10.8,4.9,8.6
"Marcus Williams",0.386,0.321,5.6,1.8,2.8
"Josh Boone",0.544,NA,5.2,4.9,0.5
"Kyle Lowry",0.423,0.364,14,4.1,5.8
"Shannon Brown",0.42,0.332,7.6,1.9,1.1
"Jordan Farmar",0.423,0.374,7.7,1.9,2.9
"Sergio Rodriguez",0.414,0.332,4.8,1.4,3.3
"Maurice Ager",0.339,0.25,2.1,0.6,0.2
"Mardy Collins",0.38,0.299,3.9,1.8,1.7
"Joel Freeland",0.459,0,3.2,3.4,0.4
"James White",0.438,0.34,2.7,1,0.5
"Steve Novak",0.437,0.43,4.7,1.3,0.3
"Solomon Jones",0.467,0.111,3,2.3,0.4
"Paul Davis",0.402,0,2.6,1.9,0.4
"P.J. Tucker",0.434,0.346,7.7,5.7,1.6
"Craig Smith",0.553,0.037,7.6,3.9,0.8
"Bobby Jones",0.442,0.306,3.2,1.6,0.5
"Kosta Perovic",0.3,NA,1.4,1.9,0.1
"David Noel",0.367,0.321,2.7,1.8,1
"Denham Brown",NA,NA,NA,NA,NA
"James Augustine",0.514,NA,1.6,1.2,0.1
"Daniel Gibson",0.402,0.407,7.8,2,2
"Marcus Vinicius",0.457,0.421,1.9,0.7,0.3
"Lior Eliyahu",NA,NA,NA,NA,NA
"Alexander Johnson",0.517,NA,4.3,2.7,0.3
"Dee Brown",0.34,0.25,2.1,1,1.8
"Paul Millsap",0.495,0.331,14,7.5,2.2
"Vladimir Veremeenko",NA,NA,NA,NA,NA
"Leon Powe",0.515,0,6.2,3.8,0.3
"Ryan Hollins",0.584,0,3.7,2.2,0.3
"Cheikh Samb",0.25,0,1,1.4,0
"Guillermo Diaz",0.25,0,0.8,0.3,0.2
"Yotam Halperin",NA,NA,NA,NA,NA
"Hassan Adams",0.534,0,2.5,1.2,0.2
"Ejike Ugboaja",NA,NA,NA,NA,NA
"Edin Bavcic",NA,NA,NA,NA,NA
"Loukas Mavrokefalidis",NA,NA,NA,NA,NA
"J.R. Pinnock",NA,NA,NA,NA,NA
"Damir Markota",0.365,0.375,1.7,1,0.2
"Will Blalock",0.3,0.2,1.8,1.1,1.2
"Andrew Bogut",0.534,0.12,10.1,9,2.3
"Marvin Williams",0.443,0.354,10.5,5.2,1.3
"Deron Williams",0.444,0.356,16.7,3.1,8.2
"Chris Paul",0.473,0.367,18.7,4.4,9.9
"Raymond Felton",0.412,0.328,12.1,3.1,5.8
"Martell Webster",0.418,0.382,8.7,3.1,1
"Charlie Villanueva",0.435,0.341,10.4,4.6,0.8
"Channing Frye",0.439,0.39,9.3,4.8,1
"Ike Diogu",0.509,0.5,6,3.1,0.3
"Andrew Bynum",0.556,0.111,11.5,7.7,1.2
"Fran Vazquez",NA,NA,NA,NA,NA
"Yaroslav Korolev",0.283,0.25,1.1,0.5,0.4
"Sean May",0.458,0.231,6.9,4,1
"Rashad McCants",0.431,0.368,10,2,1.3
"Antoine Wright",0.412,0.304,5.4,2.3,1
"Joey Graham",0.483,0.3,5.9,2.8,0.5
"Danny Granger",0.434,0.38,16.8,4.9,1.9
"Gerald Green",0.42,0.362,9.9,2.5,1
"Hakim Warrick",0.49,0.191,9.4,4,0.8
"Julius Hodge",0.44,NA,1.2,0.7,0.8
"Nate Robinson",0.423,0.36,11,2.3,3
"Jarrett Jack",0.44,0.346,11.1,2.9,4.5
"Francisco Garcia",0.427,0.357,7.9,2.6,1.4
"Luther Head",0.423,0.388,8.2,2.4,2.1
"Johan Petro",0.462,0.154,4.7,3.9,0.5
"Jason Maxiell",0.495,0,5.6,4.2,0.4
"Linas Kleiza",0.435,0.335,8.7,3.6,0.8
"Ian Mahinmi",0.535,0,5.1,4.3,0.5
"Wayne Simien",0.469,NA,3.3,1.9,0.2
"David Lee",0.534,0.034,13.9,9,2.2
"Salim Stoudamire",0.407,0.366,8,1.4,1
"Daniel Ewing",0.389,0.295,3.4,1.2,1.4
"Brandon Bass",0.498,0.211,8.8,4.6,0.8
"C.J. Miles",0.417,0.355,9.7,2.4,1.2
"Ricky Sanchez",NA,NA,NA,NA,NA
"Ersan Ilyasova",0.445,0.37,10.9,6,1.1
"Ronny Turiaf",0.533,0,4.7,3.7,1.3
"Travis Diener",0.388,0.353,4.8,1.4,2.4
"Von Wafer",0.42,0.325,5.3,1.2,0.7
"Monta Ellis",0.451,0.313,18.4,3.5,4.7
"Roko Ukic",0.387,0.189,4,0.9,1.9
"Chris Taft",0.605,NA,2.8,2.1,0.1
"Mile Ilic",0,NA,0,0.2,0
"Martynas Andriuskevicius",0,NA,0,0.7,0
"Louis Williams",0.417,0.344,12.6,2.1,2.9
"Erazem Lorbek",NA,NA,NA,NA,NA
"Bracey Wright",0.405,0.324,5,1.5,0.8
"Mickael Gelabale",0.47,0.316,4.6,2.3,0.8
"Andray Blatche",0.467,0.237,10.1,5.4,1.4
"Ryan Gomes",0.445,0.349,10.1,4.6,1.5
"Robert Whaley",0.404,NA,2.1,1.9,0.7
"Axel Hervelle",NA,NA,NA,NA,NA
"Orien Greene",0.387,0.212,2.5,1.5,1.2
"Dijon Thompson",0.425,0.308,2.8,1.2,0.2
"Lawrence Roberts",0.452,0,3.8,3.6,0.4
"Amir Johnson",0.572,0.326,7.5,5.7,1.2
"Marcin Gortat",0.554,0.158,10.4,8.1,1
"Uros Slokar",0.538,0.5,1.9,0.7,0.1
"Cenk Akyol",NA,NA,NA,NA,NA
"Alex Acker",0.37,0.32,2.7,1,0.5
"Dwight Howard",0.583,0.093,17.6,12.7,1.5
"Emeka Okafor",0.512,0,12.3,9.9,0.9
"Ben Gordon",0.432,0.401,14.9,2.5,2.5
"Shaun Livingston",0.481,0.188,6.6,2.5,3.3
"Devin Harris",0.437,0.324,11.5,2.3,4.3
"Josh Childress",0.522,0.329,9.1,4.7,1.6
"Luol Deng",0.456,0.335,15.2,6.2,2.3
"Rafael Araujo",0.405,0.25,2.8,2.8,0.3
"Andre Iguodala",0.462,0.333,13.1,5.3,4.5
"Luke Jackson",0.357,0.36,3.5,1.2,0.8
"Andris Biedrins",0.594,0,6.3,7,0.9
"Robert Swift",0.506,NA,4.3,3.9,0.2
"Sebastian Telfair",0.39,0.319,7.4,1.6,3.5
"Kris Humphries",0.464,0.27,6.8,5.4,0.7
"Al Jefferson",0.498,0.127,16.3,8.7,1.5
"Kirk Snyder",0.438,0.327,6.3,2.3,1.1
"Josh Smith",0.453,0.285,14.6,7.5,3.1
"J.R. Smith",0.421,0.375,13.1,3.2,2.2
"Dorell Wright",0.424,0.365,8.4,3.8,1.5
"Jameer Nelson",0.437,0.368,11.8,3,5.2
"Pavel Podkolzin",0,NA,0.7,1.5,0
"Viktor Khryapa",0.443,0.292,4.5,3.4,1
"Sergei Monia",0.333,0.265,3,2,0.7
"Delonte West",0.448,0.372,9.7,2.9,3.6
"Tony Allen",0.477,0.281,8.2,3.5,1.3
"Kevin Martin",0.437,0.384,17.4,3.2,1.9
"Sasha Vujacic",0.393,0.368,5.4,1.9,1.3
"Beno Udrih",0.463,0.349,8.4,2.1,3.4
"David Harrison",0.53,NA,5,2.9,0.2
"Anderson Varejao",0.51,0.024,7.3,7.2,1.2
"Jackson Vroman",0.408,0,3.3,3,0.6
"Peter John Ramos",0.5,NA,1.8,0.7,0
"Lionel Chalmers",0.336,0.245,3.1,0.9,1.4
"Donta Smith",0.421,0.308,2.7,1.1,0.8
"Andre Emmett",0.462,0,1.4,0.6,0.1
"Antonio Burks",0.387,0.235,2.3,0.6,1.3
"Royal Ivey",0.406,0.361,3.3,1.1,1
"Chris Duhon",0.393,0.363,6.5,2.3,4.4
"Albert Miralles",NA,NA,NA,NA,NA
"Justin Reed",0.404,0,3.5,1.4,0.5
"David Young",NA,NA,NA,NA,NA
"Viktor Sanikidze",NA,NA,NA,NA,NA
"Trevor Ariza",0.428,0.355,10.4,4.8,2.1
"Tim Pickett",NA,NA,NA,NA,NA
"Bernard Robinson",0.417,0.161,4.5,2.5,1
"Ha Seung-Jin",0.519,NA,1.5,1.5,0.1
"Pape Sow",0.416,NA,2.9,2.8,0.2
"Ricky Minard",NA,NA,NA,NA,NA
"Sergei Lishouk",NA,NA,NA,NA,NA
"Vassilis Spanoulis",0.319,0.172,2.7,0.7,0.9
"Christian Drejer",NA,NA,NA,NA,NA
"Romain Sato",NA,NA,NA,NA,NA
"Matt Freije",0.293,0.224,3.2,2,0.6
"Rickey Paulding",NA,NA,NA,NA,NA
"Luis Flores",0.483,0.5,2.2,0.2,0.7
"Marcus Douthit",NA,NA,NA,NA,NA
"Sergei Karaulov",NA,NA,NA,NA,NA
"Blake Stepp",NA,NA,NA,NA,NA
"Rashad Wright",NA,NA,NA,NA,NA
"LeBron James",0.498,0.341,27.1,7.2,6.9
"Darko Milicic",0.46,0,6,4.2,0.9
"Carmelo Anthony",0.452,0.345,24.8,6.6,3.2
"Chris Bosh",0.494,0.335,19.2,8.5,2
"Dwyane Wade",0.486,0.288,23.5,4.8,5.7
"Chris Kaman",0.489,0.042,11.2,7.6,1.3
"Kirk Hinrich",0.411,0.375,10.9,2.9,4.8
"T.J. Ford",0.433,0.289,11.2,3.1,5.8
"Mike Sweetney",0.485,0,6.5,4.5,0.6
"Jarvis Hayes",0.415,0.356,8.3,3.1,1.1
"Mickael Pietrus",0.425,0.355,8.3,3.1,0.8
"Nick Collison",0.533,0.21,6,5.3,1
"Marcus Banks",0.432,0.327,5.9,1.5,2.1
"Luke Ridnour",0.431,0.349,9.3,2.3,4.5
"Reece Gaines",0.324,0.269,1.7,0.7,0.7
"Troy Bell",0.222,0,1.8,0.7,0.7
"Zarko Cabarkapa",0.427,0.273,4.3,2.1,0.6
"David West",0.492,0.262,14.4,6.7,2.2
"Sasha Pavlovic",0.404,0.346,4.9,1.8,0.9
"Dahntay Jones",0.439,0.331,5.4,1.7,0.8
"Boris Diaw",0.495,0.342,8.8,4.4,3.5
"Zoran Planinic",0.405,0.289,3.8,1.3,1.1
"Travis Outlaw",0.423,0.337,8.5,3.2,0.8
"Brian Cook",0.439,0.382,5.5,2.6,0.6
"Carlos Delfino",0.401,0.365,8.1,3.6,1.7
"Ndudi Ebi",0.486,0,2.1,1,0.2
"Kendrick Perkins",0.53,0,5.4,5.8,1
"Leandro Barbosa",0.461,0.389,10.8,2,2.1
"Josh Howard",0.448,0.332,14.3,5.7,1.6
"Maciej Lampe",0.407,0.25,3.4,2.2,0.3
"Jason Kapono",0.442,0.434,6.7,1.7,0.8
"Luke Walton",0.429,0.326,4.7,2.8,2.3
"Jerome Beasley",0.333,NA,1,0.5,0
"Sofoklis Schortsanitis",NA,NA,NA,NA,NA
"Szymon Szewczyk",NA,NA,NA,NA,NA
"Mario Austin",NA,NA,NA,NA,NA
"Travis Hansen",0.354,0.3,3,1.7,0.5
"Steve Blake",0.401,0.383,6.5,2.1,4
"Slavko Vranes",0,NA,0,0,0
"Derrick Zimmerman",0.667,NA,2,2,3.5
"Willie Green",0.425,0.346,8.3,1.8,1.4
"Zaza Pachulia",0.463,0,7.1,6,1.3
"Keith Bogans",0.394,0.353,6.3,2.7,1.3
"Malick Badiane",NA,NA,NA,NA,NA
"Matt Bonner",0.464,0.414,5.8,3,0.7
"Sani Becirovic",NA,NA,NA,NA,NA
"Mo Williams",0.434,0.378,13.2,2.8,4.9
"James Lang",0.444,NA,1,1,0.2
"James Jones",0.4,0.401,5.3,1.8,0.5
"Paccelis Morlende",NA,NA,NA,NA,NA
"Kyle Korver",0.442,0.428,9.9,3.1,1.8
"Remon Van de Hare",NA,NA,NA,NA,NA
"Tommy Smith",NA,NA,NA,NA,NA
"Nedzad Sinanovic",NA,NA,NA,NA,NA
"Rick Rickert",NA,NA,NA,NA,NA
"Brandon Hunter",0.476,0,3.3,2.8,0.3
"Xue Yuyang",NA,NA,NA,NA,NA
"Andreas Glyniadakis",0.471,NA,1.3,0.6,0.1
"Yao Ming",0.524,0.2,19,9.2,1.6
"Jay Williams",0.399,0.322,9.5,2.6,4.7
"Mike Dunleavy",0.441,0.376,11.4,4.3,2.3
"Drew Gooden",0.462,0.257,11,7.1,1.1
"Nikoloz Tskitishvili",0.304,0.235,2.9,1.8,0.7
"Dajuan Wagner",0.366,0.321,9.4,1.4,1.9
"Nene Hilario",0.545,0.156,12,6.4,1.9
"Chris Wilcox",0.541,0,8.2,4.9,0.7
"Amar'e Stoudemire",0.537,0.236,18.9,7.8,1.2
"Caron Butler",0.434,0.348,14.1,5,2.3
"Jared Jeffries",0.426,0.25,4.8,4.1,1.3
"Melvin Ely",0.46,0,5.3,3.2,0.7
"Marcus Haislip",0.437,0.35,3.5,1.5,0.2
"Fred Jones",0.411,0.353,7.5,2.2,2.3
"Bostjan Nachbar",0.406,0.375,7.1,2.6,0.9
"Jiri Welsch",0.403,0.343,6.1,2.4,1.5
"Juan Dixon",0.413,0.341,8.4,1.9,1.8
"Curtis Borchardt",0.421,0,3.1,3.3,0.8
"Ryan Humphrey",0.344,0,2.3,2.2,0.2
"Kareem Rush",0.4,0.358,6.4,1.7,1
"Qyntel Woods",0.452,0.357,4.1,2.3,0.6
"Casey Jacobsen",0.393,0.352,5.2,1.8,1.1
"Tayshaun Prince",0.455,0.367,11.1,4.3,2.4
"Nenad Krstic",0.494,0.143,10,5.4,0.8
"Frank Williams",0.352,0.3,2.9,0.9,1.9
"John Salmons",0.431,0.366,9.3,2.9,2.4
"Chris Jefferies",0.383,0.365,3.9,1.2,0.4
"Dan Dickau",0.401,0.341,5.8,1.4,2.5
"Steve Logan",NA,NA,NA,NA,NA
"Roger Mason",0.408,0.383,6.3,1.7,1.3
"Robert Archibald",0.283,NA,1.2,1.6,0.4
"Vincent Yarbrough",0.393,0.269,6.9,2.7,2.2
"Dan Gadzuric",0.5,0,4.7,4.4,0.4
"Carlos Boozer",0.521,0.071,16.2,9.5,2.2
"Milos Vujanic",NA,NA,NA,NA,NA
"David Andersen",0.44,0.347,4.9,2.8,0.6
"Tito Maddox",0.25,0,1.2,0.8,0.6
"Rod Grizzard",NA,NA,NA,NA,NA
"Juan Carlos Navarro",0.402,0.361,10.9,2.6,2.2
"Mario Kasun",0.467,0,2.7,2.6,0.2
"Ronald Murray",0.414,0.304,9.9,2.1,2.3
"Jason Jennings",NA,NA,NA,NA,NA
"Lonny Baxter",0.466,0.2,3.9,2.9,0.2
"Sam Clancy",NA,NA,NA,NA,NA
"Matt Barnes",0.438,0.335,8.2,4.6,1.8
"Jamal Sampson",0.491,0,2,3.4,0.4
"Chris Owens",0.667,NA,4,1,0
"Peter Fehse",NA,NA,NA,NA,NA
"Darius Songaila",0.499,0.158,6.9,3.4,1.2
"Federico Kammerichs",NA,NA,NA,NA,NA
"Marcus Taylor",NA,NA,NA,NA,NA
"Rasual Butler",0.403,0.362,7.5,2.4,0.8
"Tamar Slay",0.361,0.265,2.6,1.1,0.5
"Mladen Sekularac",NA,NA,NA,NA,NA
"Luis Scola",0.493,0.341,12,6.7,1.6
"Randy Holcomb",1,NA,0.5,0.3,0
"Corsley Edwards",0.323,NA,2.7,2.5,0.3
"Kwame Brown",0.492,0.111,6.6,5.5,0.9
"Tyson Chandler",0.593,0,8.7,9.3,0.8
"Pau Gasol",0.51,0.322,18,9.5,3.3
"Eddy Curry",0.545,1,12.9,5.2,0.5
"Jason Richardson",0.438,0.37,17.1,5,2.7
"Shane Battier",0.437,0.384,8.6,4.2,1.8
"Eddie Griffin",0.377,0.315,7.2,5.8,0.8
"DeSagana Diop",0.427,0.167,2,3.7,0.4
"Rodney White",0.424,0.314,7.1,2.2,1.1
"Joe Johnson",0.442,0.372,16.6,4,4.1
"Kedrick Brown",0.405,0.274,3.6,2.4,0.7
"Vladimir Radmanovic",0.415,0.378,8,3.8,1.4
"Richard Jefferson",0.464,0.377,13.1,4.1,2.1
"Troy Murphy",0.445,0.388,10.8,7.8,1.5
"Steven Hunter",0.56,0,4.5,3.2,0.2
"Kirk Haston",0.232,0,1.2,1,0.3
"Michael Bradley",0.477,0.143,2.8,3.4,0.5
"Jason Collins",0.411,0.206,3.6,3.7,0.9
"Zach Randolph",0.472,0.258,16.9,9.3,1.8
"Brendan Haywood",0.528,0,6.8,6,0.5
"Joseph Forte",0.234,0,1.2,0.7,0.7
"Jeryl Sasser",0.303,0.295,2.5,2.3,0.8
"Brandon Armstrong",0.352,0.333,2.2,0.6,0.2
"Raul Lopez",0.429,0.346,6.5,1.7,3.8
"Gerald Wallace",0.469,0.312,11.9,5.8,2.1
"Samuel Dalembert",0.521,0.083,7.7,7.8,0.5
"Jamaal Tinsley",0.393,0.299,8.5,2.9,6.1
"Tony Parker",0.494,0.328,16.4,2.9,5.8
"Trenton Hassell",0.445,0.318,5.8,2.8,1.8
"Gilbert Arenas",0.421,0.351,20.7,3.9,5.3
"Omar Cook",0.333,0,1.7,0.6,2.1
"Will Solomon",0.378,0.298,5.1,1.1,2
"Terence Morris",0.407,0.196,3.4,2.7,0.7
"Brian Scalabrine",0.39,0.344,3.1,2,0.8
"Jeff Trepagnier",0.337,0.462,2.8,1.4,0.7
"Damone Brown",0.336,0.286,2.8,1.3,0.5
"Mehmet Okur",0.458,0.375,13.5,7,1.7
"Michael Wright",NA,NA,NA,NA,NA
"Earl Watson",0.411,0.324,6.4,2.3,4.4
"Jamison Brewer",0.372,0.25,1.6,0.9,1
"Bobby Simmons",0.437,0.396,9,3.8,1.5
"Eric Chenowith",NA,NA,NA,NA,NA
"Kyle Hill",NA,NA,NA,NA,NA
"Sean Lampley",0.463,0,4.5,2.1,0.7
"Loren Woods",0.419,0.143,2.6,3.2,0.3
"Ousmane Cisse",NA,NA,NA,NA,NA
"Antonis Fotsis",0.404,0.304,3.9,2.2,0.4
"Ken Johnson",0.405,NA,2,2,0
"Ruben Boumtje-Boumtje",0.368,NA,1,1.3,0.1
"Alton Ford",0.507,NA,2.5,1.7,0.2
"Andre Hutson",NA,NA,NA,NA,NA
"Jarron Collins",0.455,0,3.9,2.9,0.8
"Kenny Satterfield",0.335,0.218,4.3,1.3,2.3
"Maurice Jeffers",NA,NA,NA,NA,NA
"Robertas Javtokas",NA,NA,NA,NA,NA
"Alvin Jones",0.4,NA,1.1,1.6,0.1
"Bryan Bracey",NA,NA,NA,NA,NA
"Kenyon Martin",0.483,0.234,12.3,6.8,1.9
"Stromile Swift",0.473,0.074,8.4,4.6,0.5
"Darius Miles",0.472,0.168,10.1,4.9,1.9
"Marcus Fizer",0.435,0.191,9.6,4.6,1.2
"Mike Miller",0.459,0.407,10.8,4.3,2.6
"DerMarr Johnson",0.411,0.336,6.2,2.2,0.9
"Chris Mihm",0.459,0.231,7.5,5.3,0.5
"Jamal Crawford",0.41,0.348,15.4,2.4,3.5
"Joel Przybilla",0.552,0,3.9,6.2,0.4
"Keyon Dooling",0.416,0.349,7,1.3,2.2
"Jerome Moiso",0.489,0,2.7,2.7,0.3
"Etan Thomas",0.513,NA,5.7,4.7,0.4
"Courtney Alexander",0.422,0.339,9,2.2,1.2
"Mateen Cleaves",0.389,0.267,3.6,1,1.9
"Jason Collier",0.455,0.35,5.6,2.9,0.3
"Hedo Turkoglu",0.426,0.384,11.1,4,2.8
"Desmond Mason",0.449,0.26,12.1,4.5,1.6
"Quentin Richardson",0.397,0.355,10.3,4.7,1.5
"Jamaal Magloire",0.48,0,7.2,6.5,0.6
"Speedy Claxton",0.409,0.193,9.3,2.5,4.3
"Morris Peterson",0.418,0.373,10.7,3.5,1.5
"Donnell Harvey",0.46,0.1,5.6,4,0.8
"DeShawn Stevenson",0.406,0.34,7.2,2.2,1.6
"Dalibor Bagaric",0.361,0,2.6,2.5,0.4
"Jake Tsakalidis",0.49,0,4.8,3.9,0.3
"Mamadou N'Diaye",0.427,0,3.8,3.3,0.1
"Primoz Brezec",0.498,0.167,7.2,3.9,0.5
"Erick Barkley",0.356,0.267,2.9,0.8,1.5
"Mark Madsen",0.457,0.063,2.2,2.6,0.4
"Marko Jaric",0.404,0.344,7.1,2.7,3.6
"Dan Langhi",0.391,0.289,3,1.5,0.3
"A.J. Guyton",0.377,0.378,5.5,1,1.8
"Jake Voskuhl",0.487,0.333,4,3.4,0.5
"Khalid El-Amin",0.37,0.333,6.3,1.6,2.9
"Mike Smith",0.322,0.167,3,1.3,0.6
"Soumaila Samake",0.389,NA,1.4,1.6,0.1
"Eddie House",0.409,0.39,7.5,1.7,1.6
"Eduardo Najera",0.481,0.311,4.9,3.7,0.8
"Lavor Postell",0.335,0.25,3.2,0.7,0.2
"Hanno Mottola",0.442,0.063,4.6,2.9,0.5
"Chris Carrawell",NA,NA,NA,NA,NA
"Olumide Oyedeji",0.495,NA,1.4,2.1,0.1
"Michael Redd",0.447,0.38,19,3.8,2.1
"Brian Cardinal",0.408,0.372,4.6,2.3,1
"Jabari Smith",0.413,0.125,3,1.6,0.6
"DeeAndre Hulett",NA,NA,NA,NA,NA
"Josip Sesar",NA,NA,NA,NA,NA
"Mark Karcher",NA,NA,NA,NA,NA
"Jason Hart",0.417,0.315,4.8,1.7,2.3
"Kaniel Dickens",0.4,0.333,1.2,0.6,0.1
"Igor Rakocevic",0.379,0.417,1.9,0.4,0.8
"Ernest Brown",0.167,NA,1,2,0
"Dan McClintock",0.5,NA,3,2.8,0.2
"Cory Hightower",NA,NA,NA,NA,NA
"Chris Porter",0.389,0,8.6,3.7,1.2
"Jaquay Walls",NA,NA,NA,NA,NA
"Scoonie Penn",NA,NA,NA,NA,NA
"Pete Mickeal",NA,NA,NA,NA,NA
"Elton Brand",0.5,0.095,15.9,8.5,2.1
"Steve Francis",0.429,0.341,18.1,5.6,6
"Baron Davis",0.409,0.32,16.1,3.8,7.2
"Lamar Odom",0.463,0.312,13.3,8.4,3.7
"Jonathan Bender",0.417,0.34,5.5,2.2,0.6
"Wally Szczerbiak",0.485,0.406,14.1,4,2.4
"Richard Hamilton",0.449,0.346,17.1,3.1,3.4
"Andre Miller",0.461,0.217,12.5,3.7,6.5
"Shawn Marion",0.484,0.331,15.2,8.7,1.9
"Jason Terry",0.444,0.379,14.1,2.4,4
"Trajan Langdon",0.416,0.396,5.4,1.3,1.3
"Aleksandar Radojevic",0.308,NA,1.7,2.4,0.5
"Corey Maggette",0.453,0.324,16,4.9,2.1
"William Avery",0.33,0.255,2.7,0.7,1.4
"Frederic Weis",NA,NA,NA,NA,NA
"Metta World Peace",0.415,0.34,13.3,4.5,2.7
"Cal Bowdler",0.404,0.182,3,1.9,0.2
"James Posey",0.41,0.349,8.6,4.7,1.6
"Quincy Lewis",0.397,0.333,3.6,1.3,0.6
"Dion Glover",0.411,0.317,8.2,3.1,1.5
"Jeff Foster",0.497,0.13,4.9,6.9,0.9
"Kenny Thomas",0.465,0.244,9.3,6.9,1.5
"Devean George",0.392,0.343,5.6,3.1,0.9
"Andrei Kirilenko",0.474,0.31,11.8,5.5,2.7
"Tim James",0.329,0.333,1.6,1.1,0.3
"Vonteego Cummings",0.383,0.321,6.9,1.9,2.7
"Jumaine Jones",0.424,0.349,7.1,4.2,0.9
"Scott Padgett",0.41,0.373,4.2,2.7,0.7
"Leon Smith",0.393,NA,2.2,2.2,0.2
"John Celestand",0.333,0.222,2.3,0.7,1.3
"Rico Hill",NA,NA,NA,NA,NA
"Michael Ruffin",0.407,0,1.7,3.9,0.6
"Chris Herren",0.336,0.328,3.2,1,2.4
"Evan Eschmeyer",0.463,NA,2.8,3.9,0.5
"Calvin Booth",0.451,0.222,3.3,2.8,0.4
"Wang Zhizhi",0.417,0.385,4.4,1.7,0.3
"Obinna Ekezie",0.423,0,3.6,2.7,0.2
"Laron Profit",0.419,0.236,3.3,1.5,1.2
"A.J. Bramlett",0.19,NA,1,2.8,0
"Gordan Giricek",0.442,0.368,9.6,2.5,1.5
"Francisco Elson",0.478,0.188,3.7,3.5,0.6
"Louis Bullock",NA,NA,NA,NA,NA
"Lee Nailon",0.474,0.111,8.6,3.1,1
"Tyrone Washington",NA,NA,NA,NA,NA
"Ryan Robertson",0.333,0,5,0,0
"J.R. Koch",NA,NA,NA,NA,NA
"Todd MacCulloch",0.541,NA,6.1,4,0.5
"Galen Young",NA,NA,NA,NA,NA
"Lari Ketner",0.406,NA,1.4,1.4,0.1
"Venson Hamilton",NA,NA,NA,NA,NA
"Antwain Smith",NA,NA,NA,NA,NA
"Roberto Bergersen",NA,NA,NA,NA,NA
"Rodney Buford",0.412,0.3,6.4,2.6,0.8
"Melvin Levett",NA,NA,NA,NA,NA
"Kris Clack",NA,NA,NA,NA,NA
"Tim Young",0.333,NA,2.2,1.4,0.2
"Manu Ginobili",0.448,0.37,13.8,3.6,3.9
"Eddie Lucas",NA,NA,NA,NA,NA
"Michael Olowokandi",0.435,NA,8.3,6.8,0.7
"Mike Bibby",0.436,0.379,14.7,3.1,5.5
"Raef LaFrentz",0.466,0.363,10.1,6.1,1.1
"Antawn Jamison",0.451,0.346,18.5,7.5,1.6
"Vince Carter",0.438,0.373,18.5,4.6,3.4
"Robert Traylor",0.474,0.167,4.8,3.7,0.7
"Jason Williams",0.398,0.327,10.5,2.3,5.9
"Larry Hughes",0.406,0.309,14.1,4.2,3.1
"Dirk Nowitzki",0.473,0.381,21.9,7.8,2.5
"Paul Pierce",0.445,0.369,19.8,5.6,3.5
"Bonzi Wells",0.46,0.327,12.1,4.6,2.1
"Michael Doleac",0.439,0.125,4.9,3.3,0.6
"Keon Clark",0.5,0.053,8.2,5.9,0.9
"Michael Dickerson",0.432,0.402,15.4,2.9,2.6
"Matt Harpring",0.481,0.333,11.5,5.1,1.4
"Bryce Drew",0.382,0.371,4.4,1.2,2.2
"Rasho Nesterovic",0.502,0.077,6.8,5.1,1
"Mirsad Turkcan",0.368,0,1.9,1.9,0.3
"Pat Garrity",0.417,0.398,7.3,2.6,0.8
"Roshown McLeod",0.409,0.111,7.2,2.7,1.1
"Ricky Davis",0.446,0.361,13.5,3.5,3.3
"Brian Skinner",0.494,0.333,4.7,4.7,0.5
"Tyronn Lue",0.437,0.391,8.5,1.7,3.1
"Felipe Lopez",0.432,0.327,5.8,2.4,1
"Al Harrington",0.444,0.352,13.5,5.6,1.7
"Sam Jacobson",0.511,0.36,4.2,1.2,0.5
"Vladimir Stepania",0.425,0.133,4.1,4.4,0.3
"Corey Benjamin",0.39,0.289,5.5,1.7,0.9
"Nazr Mohammed",0.486,0,5.8,4.7,0.4
"Ansu Sesay",0.434,0.276,3.2,1.8,0.5
"Ruben Patterson",0.517,0.179,10.7,4.2,1.8
"Rashard Lewis",0.452,0.386,14.9,5.2,1.7
"Jelani McCoy",0.539,NA,4.6,3.5,0.5
"Shammond Williams",0.401,0.366,5.8,1.6,2.4
"Bruno Sundov",0.356,0.208,1.7,1,0.2
"Jerome James",0.485,0,4.3,3.1,0.3
"Casey Shaw",0.125,NA,0.2,0.3,0
"DeMarco Johnson",0.333,NA,1.2,1.4,0
"Rafer Alston",0.383,0.354,10.1,2.8,4.8
"Korleone Young",0.5,0.25,4.3,1.3,0.3
"Cuttino Mobley",0.433,0.378,16,3.9,2.7
"Miles Simon",0.2,0,0.4,0.4,0
"Jahidi White",0.51,0,5.9,5.8,0.2
"Sean Marks",0.448,0.2,2.8,2.2,0.2
"Toby Bailey",0.407,0.2,3.3,1.7,0.6
"Andrae Patterson",0.455,0,3,1.7,0.4
"Tyson Wheeler",1,1,4,0,2
"Ryan Stack",0.352,0,2.3,1.8,0.2
"Cory Carr",0.329,0.167,4.1,1.2,1.6
"Andrew Betts",NA,NA,NA,NA,NA
"Corey Brewer",NA,NA,NA,NA,NA
"Derrick Dial",0.372,0.19,3.1,1.6,0.8
"Greg Buckner",0.45,0.334,5,2.8,1.3
"Tremaine Fowlkes",0.409,0.2,2.9,2.2,0.5
"Ryan Bowen",0.456,0.206,2.6,2.1,0.5
"J.R. Henderson",0.365,0.4,3.2,1.6,0.7
"Torraye Braggs",0.475,NA,2.1,2.3,0.3
"Maceo Baston",0.616,0.375,2.7,1.7,0.2
"Tim Duncan",0.506,0.179,19,10.8,3
"Keith Van Horn",0.443,0.361,16,6.8,1.6
"Chauncey Billups",0.415,0.387,15.2,2.9,5.4
"Antonio Daniels",0.444,0.311,7.6,1.8,3.4
"Tony Battie",0.488,0.162,6.1,5.1,0.6
"Ron Mercer",0.429,0.25,13.6,3.1,2.1
"Tim Thomas",0.437,0.369,11.5,4.1,1.5
"Adonal Foyle",0.477,0,4.1,4.7,0.5
"Tracy McGrady",0.435,0.338,19.6,5.6,4.4
"Danny Fortson",0.472,0.167,8.2,7.2,0.7
"Tariq Abdul-Wahad",0.417,0.237,7.8,3.3,1.1
"Austin Croshere",0.407,0.34,6.8,4,1
"Derek Anderson",0.408,0.341,12,3.2,3.4
"Maurice Taylor",0.466,0.152,11,4.6,1.2
"Kelvin Cato",0.507,0.077,5.5,5.3,0.5
"Brevin Knight",0.412,0.134,7.3,2.4,6.1
"Johnny Taylor",0.402,0.394,4.7,2.2,0.5
"Chris Anstey",0.413,0.138,5.2,3.4,0.8
"Scot Pollard",0.494,0,4.4,4.6,0.4
"Paul Grant",0.448,NA,1.8,1.1,0.2
"Anthony Parker",0.444,0.404,9.1,3.2,2.3
"Ed Gray",0.339,0.341,6.2,1.2,0.8
"Bobby Jackson",0.417,0.354,9.7,3.1,2.6
"Rodrick Rhodes",0.347,0.2,5.3,1.2,1.7
"John Thomas",0.502,0,2.7,2.1,0.3
"Charles Smith",0.409,0.288,5.1,1.4,0.9
"Jacque Vaughn",0.429,0.352,4.5,1.3,2.5
"Keith Booth",0.325,0.091,2.9,2.2,0.9
"Serge Zwikker",NA,NA,NA,NA,NA
"Mark Sanford",NA,NA,NA,NA,NA
"Charles O'Bannon",0.4,0,2.5,1.4,0.6
"James Cotton",0.359,0,2.6,0.8,0
"Marko Milic",0.56,0.429,2.5,0.7,0.3
"Bubba Wells",0.414,0.167,3.3,1.7,0.9
"Kebu Stewart",0.462,NA,2.7,2.1,0.1
"James Collins",0.382,0.45,2.6,0.6,0.1
"Marc Jackson",0.446,0.226,8.4,4.3,0.8
"Jerald Honeycutt",0.391,0.362,5.1,1.9,0.7
"Anthony Johnson",0.414,0.356,5.6,1.7,2.9
"Eddie Elisma",NA,NA,NA,NA,NA
"Jason Lawson",0.6,NA,1.5,1.6,0.3
"Stephen Jackson",0.414,0.333,15.1,3.9,3.1
"Gordon Malone",NA,NA,NA,NA,NA
"Cedric Henderson",0.436,0.14,7.3,2.9,1.6
"God Shammgod",0.328,0,3.1,0.4,1.8
"Eric Washington",0.402,0.346,6.9,2.1,1
"Alvin Williams",0.421,0.313,9,2.5,4.1
"Predrag Drobnjak",0.425,0.34,7.9,3.5,0.8
"Alain Digbeu",NA,NA,NA,NA,NA
"Chris Crawford",0.437,0.347,6.6,2.2,0.6
"DeJuan Wheat",0.383,0.39,3.3,0.7,1.6
"C.J. Bruton",NA,NA,NA,NA,NA
"Paul Rogers",NA,NA,NA,NA,NA
"Mark Blount",0.504,0.359,8.2,4.6,0.8
"Ben Pepper",NA,NA,NA,NA,NA
"Nate Erdmann",NA,NA,NA,NA,NA
"Roberto Duenas",NA,NA,NA,NA,NA
"Allen Iverson",0.425,0.313,26.7,3.7,6.2
"Marcus Camby",0.466,0.205,9.5,9.8,1.9
"Shareef Abdur-Rahim",0.472,0.297,18.1,7.5,2.5
"Stephon Marbury",0.433,0.325,19.3,3,7.6
"Ray Allen",0.452,0.4,18.9,4.1,3.4
"Antoine Walker",0.414,0.325,17.5,7.7,3.5
"Lorenzen Wright",0.459,0.069,8,6.4,0.8
"Kerry Kittles",0.439,0.378,14.1,3.9,2.6
"Samaki Walker",0.462,0.111,5.3,4.7,0.6
"Erick Dampier",0.498,0.125,7.4,7.1,0.8
"Todd Fuller",0.422,0,3.7,3,0.2
"Vitaly Potapenko",0.479,0.167,6.5,4.5,0.7
"Kobe Bryant",0.447,0.329,25,5.2,4.7
"Peja Stojakovic",0.45,0.401,17,4.7,1.8
"Steve Nash",0.49,0.428,14.3,3,8.5
"Tony Delk",0.408,0.343,9.1,2.5,1.9
"Jermaine O'Neal",0.467,0.147,13.2,7.2,1.4
"John Wallace",0.462,0.3,7.6,2.8,0.7
"Walter McCarty",0.392,0.346,5.2,2.6,1.1
"Zydrunas Ilgauskas",0.476,0.31,13,7.3,1.1
"Dontae' Jones",0.333,0.261,2.9,0.6,0.3
"Roy Rogers",0.483,0.5,4.8,3.5,0.4
"Efthimi Rentzias",0.339,0.5,1.5,0.7,0.2
"Derek Fisher",0.399,0.374,8.3,2.1,3
"Martin Muursepp",0.425,0.323,4.7,2.2,0.6
"Jerome Williams",0.502,0.038,6.6,6.4,0.8
"Brian Evans",0.381,0.343,3.7,1.6,0.8
"Priest Lauderdale",0.472,0,3.4,1.9,0.4
"Travis Knight",0.438,0.259,3.4,3.1,0.6
"Othella Harrington",0.505,0,7.4,4.4,0.6
"Mark Hendrickson",0.416,0.167,3.3,2.8,0.6
"Ryan Minor",NA,NA,NA,NA,NA
"Moochie Norris",0.401,0.286,5.1,2,2.8
"Shawn Harvey",NA,NA,NA,NA,NA
"Joseph Blair",NA,NA,NA,NA,NA
"Doron Sheffer",NA,NA,NA,NA,NA
"Jeff McInnis",0.431,0.328,9.4,2,4.4
"Steve Hamer",0.526,0,2.2,1.7,0.2
"Russ Millard",NA,NA,NA,NA,NA
"Marcus Mann",NA,NA,NA,NA,NA
"Jason Sasser",0.412,0.333,2.1,1.1,0.3
"Randy Livingston",0.406,0.351,3.8,1.4,2
"Ben Davis",0.356,NA,1.4,1.3,0.1
"Malik Rose",0.437,0.177,6.2,4.1,0.8
"Joe Vogel",NA,NA,NA,NA,NA
"Marcus Brown",0.381,0.333,3.4,0.8,0.9
"Ron Riley",NA,NA,NA,NA,NA
"Jamie Feick",0.424,0.4,4.5,7.1,0.7
"Amal McCaskill",0.377,0,1.8,1.9,0.3
"Terrell Bell",NA,NA,NA,NA,NA
"Chris Robinson",0.376,0.374,4.6,1.5,1.4
"Mark Pope",0.401,0.179,1.9,1.7,0.4
"Jeff Nordgaard",0.278,NA,1.4,1.1,0.2
"Shandon Anderson",0.457,0.316,7.4,3.1,1.4
"Ronnie Henderson",NA,NA,NA,NA,NA
"Reggie Geary",0.344,0.328,2.1,0.8,1.1
"Drew Barry",0.417,0.381,2.2,1.1,1.9
"Darnell Robinson",NA,NA,NA,NA,NA
"Joe Smith",0.455,0.238,10.9,6.4,1
"Antonio McDyess",0.497,0.117,12,7.5,1.3
"Jerry Stackhouse",0.409,0.309,16.9,3.2,3.3
"Rasheed Wallace",0.467,0.336,14.4,6.7,1.8
"Kevin Garnett",0.497,0.275,17.8,10,3.7
"Bryant Reeves",0.475,0.074,12.5,6.9,1.6
"Damon Stoudamire",0.406,0.357,13.4,3.5,6.1
"Shawn Respert",0.414,0.34,4.9,1.3,1
"Ed O'Bannon",0.367,0.222,5,2.5,0.8
"Kurt Thomas",0.486,0.281,8.1,6.6,1.1
"Gary Trent",0.501,0.08,8.6,4.5,1
"Cherokee Parks",0.47,0.211,4.4,3.6,0.6
"Corliss Williamson",0.49,0.136,11.1,3.9,1.2
"Eric Williams",0.415,0.318,8.6,3.3,1.4
"Brent Barry",0.46,0.405,9.3,3,3.2
"Alan Henderson",0.469,0.192,7.8,5,0.6
"Bob Sura",0.414,0.325,8.6,3.4,3.8
"Theo Ratliff",0.496,0,7.2,5.7,0.6
"Randolph Childress",0.328,0.273,2.4,0.5,1
"Jason Caffey",0.481,0,7.3,4.4,0.9
"Michael Finley",0.444,0.375,15.7,4.4,2.9
"George Zidek",0.408,0.25,3.4,2.1,0.2
"Travis Best",0.431,0.345,7.6,1.8,3.5
"Loren Meyer",0.432,0.348,4.6,3.4,0.6
"David Vaughn",0.423,0,2.9,3.1,0.3
"Sherell Ford",0.375,0.16,3.2,0.9,0.2
"Mario Bennett",0.534,0.333,4,2.7,0.4
"Greg Ostertag",0.486,0.1,4.6,5.5,0.6
"Cory Alexander",0.389,0.354,5.5,1.6,2.7
"Lou Roe",0.333,0.25,2,1.4,0.3
"Dragan Tarlac",0.394,NA,2.4,2.8,0.7
"Terrence Rencher",0.33,0.31,2.9,1.2,1.5
"Junior Burrough",0.376,NA,3.1,1.8,0.2
"Andrew DeClercq",0.507,0,4.8,4.2,0.6
"Jimmy King",0.429,0.147,4.5,1.8,1.4
"Lawrence Moten",0.408,0.299,6.3,1.5,1.5
"Frankie King",0.357,0.333,2.1,1.2,0.5
"Rashard Griffith",NA,NA,NA,NA,NA
"Donny Marshall",0.321,0.336,2.5,1,0.3
"Dwayne Whitfield",0.433,NA,5,3.1,0.3
"Erik Meek",NA,NA,NA,NA,NA
"Donnie Boyce",0.349,0.25,2.6,0.8,0.5
"Eric Snow",0.424,0.208,6.8,2.5,5
"Anthony Pelle",NA,NA,NA,NA,NA
"Troy Brown",NA,NA,NA,NA,NA
"George Banks",NA,NA,NA,NA,NA
"Tyus Edney",0.405,0.322,7.6,1.7,4
"Mark Davis",0.442,0.246,5.5,3,1.3
"Jerome Allen",0.35,0.317,2.9,1.1,1.7
"Martin Lewis",0.473,0.3,3.6,1.4,0.3
"Dejan Bodiroga",NA,NA,NA,NA,NA
"Fred Hoiberg",0.431,0.396,5.4,2.7,1.6
"Constantin Popa",NA,NA,NA,NA,NA
"Aurelijius Zukauskas",NA,NA,NA,NA,NA
"Michael McDonald",NA,NA,0,1,0
"Chris Carr",0.416,0.338,6.7,2.2,1
"Cuonzo Martin",0.25,0.6,1.3,0.4,0.4
"Don Reid",0.53,0,3.6,2.9,0.4
"Glenn Robinson",0.459,0.34,20.7,6.1,2.7
"Jason Kidd",0.4,0.349,12.6,6.3,8.7
"Grant Hill",0.483,0.314,16.7,6,4.1
"Donyell Marshall",0.435,0.35,11.2,6.7,1.4
"Juwan Howard",0.469,0.12,13.4,6.1,2.2
"Sharone Wright",0.456,0.083,9.7,5,0.6
"Lamond Murray",0.43,0.36,11.3,4.1,1.3
"Brian Grant",0.49,0.214,10.5,7.4,1.2
"Eric Montross",0.49,0,4.5,4.6,0.4
"Eddie Jones",0.437,0.373,14.8,4,2.9
"Carlos Rogers",0.536,0.258,7.4,4.3,0.6
"Khalid Reeves",0.416,0.363,7.8,2.1,3.2
"Jalen Rose",0.443,0.355,14.3,3.5,3.8
"Yinka Dare",0.396,NA,2.1,2.6,0
"Eric Piatkowski",0.434,0.399,7.5,2.2,1
"Clifford Rozier",0.496,0.182,4.8,5.2,0.6
"Aaron McKie",0.438,0.35,7.4,3.3,2.7
"Eric Mobley",0.541,0.75,3.9,3.1,0.5
"Tony Dumas",0.404,0.327,7.3,1.3,1.2
"B.J. Tyler",0.381,0.314,3.5,1.1,3.2
"Dickey Simpkins",0.44,0.222,4.2,3.6,0.9
"Bill Curley",0.444,0.222,2.7,2,0.4
"Wesley Person",0.457,0.418,11.2,3.3,1.7
"Monty Williams",0.481,0.111,6.3,2.8,1.2
"Greg Minor",0.478,0.226,6.9,2.7,1.4
"Charlie Ward",0.408,0.364,6.3,2.6,4
"Brooks Thompson",0.409,0.376,4.5,0.9,1.7
"Deon Thomas",NA,NA,NA,NA,NA
"Antonio Lang",0.455,0,2.3,1.5,0.3
"Howard Eisley",0.407,0.35,6.5,1.7,3.5
"Rodney Dent",NA,NA,NA,NA,NA
"Jim McIlvaine",0.446,0.1,2.7,3.1,0.3
"Derrick Alston",0.489,0.143,5.4,3.8,0.7
"Gaylon Nickerson",0.333,0,3.8,1.3,0.3
"Michael Smith",0.538,0.143,5.6,7.1,1.5
"Andrei Fetisov",NA,NA,NA,NA,NA
"Dontonio Wingfield",0.389,0.309,3.7,2.4,0.7
"Darrin Hancock",0.53,0.333,3.5,1.3,0.7
"Anthony Miller",0.51,0.25,2.8,2.7,0.4
"Jeff Webster",0.348,0.333,1.6,0.6,0.3
"William Njoku",NA,NA,NA,NA,NA
"Gary Collier",NA,NA,NA,NA,NA
"Shawnelle Scott",0.464,NA,1.8,2.2,0.2
"Damon Bailey",NA,NA,NA,NA,NA
"Dwayne Morton",0.388,0.36,4.1,1.4,0.4
"Voshon Lenard",0.415,0.384,11.9,2.8,2.1
"Jamie Watson",0.468,0.316,3.2,1.5,1.1
"Jevon Crudup",NA,NA,NA,NA,NA
"Kris Bruton",NA,NA,NA,NA,NA
"Charles Claxton",0.5,NA,0.7,0.7,0
"Lawrence Funderburke",0.506,0.118,6.4,3.6,0.6
"Anthony Goldwire",0.407,0.386,6.3,1.3,2.8
"Albert Burditt",NA,NA,NA,NA,NA
"Zeljko Rebraca",0.527,NA,5.9,3.2,0.4
"Chris Webber",0.479,0.299,20.7,9.8,4.2
"Shawn Bradley",0.457,0.103,8.1,6.3,0.7
"Anfernee Hardaway",0.458,0.316,15.2,4.5,5
"Jamal Mashburn",0.418,0.345,19.1,5.4,4
"Isaiah Rider",0.443,0.352,16.7,3.8,2.7
"Calbert Cheaney",0.466,0.298,9.5,3.2,1.7
"Bobby Hurley",0.353,0.272,3.8,1.1,3.3
"Vin Baker",0.485,0.215,15,7.4,1.9
"Rodney Rogers",0.451,0.347,10.9,4.5,2
"Lindsey Hunter",0.388,0.36,8.5,2.2,2.7
"Allan Houston",0.444,0.402,17.3,2.9,2.4
"George Lynch",0.446,0.306,6.6,5,1.4
"Terry Dehere",0.411,0.378,8,1.5,2.6
"Scott Haskin",0.467,NA,2,2,0.2
"Doug Edwards",0.378,0,2.4,1.8,0.7
"Rex Walters",0.441,0.361,4.6,1.2,1.7
"Greg Graham",0.407,0.29,4.5,1.1,1
"Luther Wright",0.348,0,1.3,0.7,0
"Acie Earl",0.403,0,5.1,2.7,0.3
"Scott Burrell",0.418,0.373,6.9,3.5,1.4
"James Robinson",0.394,0.348,7.6,1.7,1.9
"Chris Mills",0.432,0.351,11.2,4.9,1.9
"Ervin Johnson",0.505,0.2,4.1,6.1,0.5
"Sam Cassell",0.454,0.331,15.7,3.2,6
"Corie Blount",0.471,0.115,3.6,4.2,0.7
"Geert Hammink",0.4,NA,1.8,0.9,0.3
"Malcolm Mackey",0.378,0,1.5,1.1,0
"Lucious Harris",0.426,0.348,7.2,2.3,1.4
"Sherron Mills",NA,NA,NA,NA,NA
"Gheorghe Muresan",0.573,0,9.8,6.4,0.5
"Evers Burns",0.4,NA,2.4,1.3,0.4
"Alphonso Ford",0.308,0.1,3.2,1.8,0.9
"Eric Riley",0.456,0,3.1,2.6,0.3
"Darnell Mee",0.312,0.222,1.9,0.9,0.5
"Ed Stokes",0.333,NA,0.8,1,0.3
"John Best",NA,NA,NA,NA,NA
"Nick Van Exel",0.405,0.357,14.4,2.9,6.6
"Conrad McRae",NA,NA,NA,NA,NA
"Thomas Hill",NA,NA,NA,NA,NA
"Rich Manning",0.415,0.4,3.3,1.7,0.2
"Anthony Reed",NA,NA,NA,NA,NA
"Adonis Jordan",0.296,0.25,2.1,0.6,2.2
"Josh Grant",0.404,0.279,3,1.7,0.5
"Alex Holcombe",NA,NA,NA,NA,NA
"Bryon Russell",0.431,0.369,7.9,3.5,1.3
"Richard Petruska",0.435,0.467,2.4,1.4,0
"Chris Whitney",0.395,0.361,6.5,1.4,2.8
"Kevin Thompson",0.429,0,0.9,0.9,0.2
"Mark Buford",NA,NA,NA,NA,NA
"Marcelo Nicola",NA,NA,NA,NA,NA
"Spencer Dunkley",NA,NA,NA,NA,NA
"Mike Peplowski",0.556,0,2.9,2.6,0.4
"Leonard White",NA,NA,NA,NA,NA
"Byron Wilson",NA,NA,NA,NA,NA
"Shaquille O'Neal",0.582,0.045,23.7,10.9,2.5
"Alonzo Mourning",0.527,0.247,17.1,8.5,1.1
"Christian Laettner",0.48,0.261,12.8,6.7,2.6
"Jim Jackson",0.428,0.365,14.3,4.7,3.2
"LaPhonso Ellis",0.452,0.302,11.9,6.5,1.6
"Tom Gugliotta",0.451,0.284,13,7.3,2.8
"Walt Williams",0.425,0.379,11.8,3.9,2.3
"Todd Day",0.406,0.345,12.3,3.4,1.5
"Clarence Weatherspoon",0.471,0.196,11.5,7.5,1.5
"Adam Keefe",0.502,0.071,5,4.1,0.7
"Robert Horry",0.425,0.341,7,4.8,2.1
"Harold Miner",0.46,0.311,9,2.2,1.2
"Bryant Stith",0.424,0.329,10.1,3.4,2
"Malik Sealy",0.426,0.292,10.1,3.2,1.7
"Anthony Peeler",0.427,0.384,9.7,2.6,2.4
"Randy Woods",0.34,0.305,2.4,0.6,1.7
"Doug Christie",0.426,0.354,11.2,4.1,3.6
"Tracy Murray",0.43,0.388,9,2.5,0.8
"Don MacLean",0.455,0.284,10.9,3.8,1.3
"Hubert Davis",0.458,0.441,8.2,1.5,1.7
"Jon Barry",0.434,0.392,5.7,1.8,2.2
"Oliver Miller",0.534,0.116,7.4,5.9,2.2
"Lee Mayberry",0.415,0.377,5.1,1.3,3.6
"Latrell Sprewell",0.425,0.337,18.3,4.1,4
"Elmore Spencer",0.516,0,5.9,3.5,0.7
"Dave Johnson",0.365,0.2,3.5,1.1,0.3
"Byron Houston",0.456,0.256,3.9,3,0.5
"Marlon Maxey",0.542,0,4.9,3.7,0.2
"P.J. Brown",0.46,0.136,9.1,7.7,1.5
"Sean Rooks",0.459,0.091,6.2,3.8,0.8
"Reggie Smith",0.394,0,1.5,1.8,0.1
"Brent Price",0.426,0.387,5.9,1.6,3
"Corey Williams",0.367,0.25,2.4,0.9,0.7
"Chris Smith",0.435,0.366,5.1,1.3,2.8
"Tony Bennett",0.412,0.335,3.5,1,2
"Duane Cooper",0.402,0.216,2.3,0.7,2
"Isaiah Morris",0.456,NA,2.2,0.5,0.2
"Elmer Bennett",0.34,0.273,2.3,0.5,1
"Litterial Green",0.42,0.077,2.9,0.5,1.2
"Steve Rogers",NA,NA,NA,NA,NA
"Popeye Jones",0.447,0.281,7,7.4,1.3
"Matt Geiger",0.499,0.232,9.2,5.7,0.7
"Sasha Danilovic",0.439,0.379,12.8,2.4,2
"Henry Williams",NA,NA,NA,NA,NA
"Chris King",0.423,0.383,6.7,3,1.1
"Robert Werdann",0.378,0,2.1,1.7,0.2
"Darren Morningstar",0.476,NA,4.2,3.5,0.7
"Brian Davis",0.317,0.333,1.9,0.8,0.3
"Ron Ellis",NA,NA,NA,NA,NA
"Matt Fish",0.5,0,3.5,2.2,0.5
"Tim Burroughs",NA,NA,NA,NA,NA
"Matt Steigenga",0.25,0,1.5,1.5,1
"Curtis Blair",NA,NA,NA,NA,NA
"Brett Roberts",NA,NA,NA,NA,NA
"Larry Johnson",0.484,0.332,16.2,7.5,3.3
"Kenny Anderson",0.421,0.346,12.6,3.1,6.1
"Billy Owens",0.481,0.291,11.7,6.7,2.8
"Dikembe Mutombo",0.518,0,9.8,10.3,1
"Steve Smith",0.44,0.358,14.3,3.2,3.1
"Doug Smith",0.425,0.083,8,4.2,1.4
"Luc Longley",0.462,0,7.2,4.9,1.5
"Mark Macon",0.384,0.27,6.7,1.9,1.7
"Stacey Augmon",0.469,0.152,8,3.2,1.6
"Bison Dele",0.528,0.143,11,6.2,1.1
"Terrell Brandon",0.448,0.355,13.8,3,6.1
"Greg Anthony",0.403,0.349,7.3,1.9,4
"Dale Davis",0.53,0,8,7.9,0.9
"Rich King",0.393,0,1.9,1,0.3
"Anthony Avent",0.403,0,5.6,4.5,0.8
"Chris Gatling",0.513,0.249,10.3,5.3,0.7
"Victor Alexander",0.518,0.286,8.9,4.8,0.9
"Kevin Brooks",0.401,0.2,3.3,1.1,0.4
"LaBradford Smith",0.432,0.298,6.7,1.5,2.2
"John Turner",0.439,NA,2.8,1.9,0.3
"Eric Murdock",0.438,0.343,10.1,2.5,4.9
"LeRon Ellis",0.433,NA,3,2.4,0.3
"Stanley Roberts",0.499,0,8.5,5.2,0.6
"Rick Fox",0.45,0.349,9.6,3.8,2.8
"Shaun Vandiver",NA,NA,NA,NA,NA
"Mark Randall",0.443,0.154,2.6,1.3,0.4
"Pete Chilcutt",0.441,0.381,4.3,3.3,0.8
"Kevin Lynch",0.436,0.333,3.3,1.3,1.1
"George Ackles",NA,NA,NA,NA,NA
"Rodney Monroe",0.368,0.222,3.4,0.9,0.7
"Randy Brown",0.417,0.2,4.8,1.8,2.2
"Chad Gallagher",1,NA,3,0,0
"Donald Hodge",0.437,0.286,4.7,3.2,0.8
"Myron Brown",0.667,0.333,2.3,0.8,1.5
"Mike Iuzzolino",0.457,0.404,9,2,4.3
"Chris Corchiani",0.421,0.269,3.7,1.2,2.2
"Elliot Perry",0.459,0.359,6.3,1.4,3.1
"Joe Wylie",NA,NA,NA,NA,NA
"Jimmy Oliver",0.407,0.34,4.2,1,0.7
"Doug Overton",0.412,0.319,4.5,1.3,2.1
"Sean Green",0.386,0.246,4.2,1,0.5
"Steve Hood",NA,NA,NA,NA,NA
"Lamont Strothers",0.329,0.133,4.6,1.2,1.1
"Alvaro Teheran",NA,NA,NA,NA,NA
"Bobby Phills",0.443,0.39,11,3.1,2.7
"Richard Dumas",0.509,0.231,10.6,3.4,1.1
"Keith Hughes",NA,NA,NA,NA,NA
"Isaac Austin",0.446,0.176,7.6,4.7,1.2
"Greg Sutton",0.396,0.361,4.5,0.9,1.7
"Joey Wright",NA,NA,NA,NA,NA
"Zan Tabak",0.506,0,5,3.6,0.7
"Anthony Jones",NA,NA,NA,NA,NA
"Von McDade",NA,NA,NA,NA,NA
"Marcus Kennedy",NA,NA,NA,NA,NA
"Derrick Coleman",0.447,0.295,16.5,9.3,2.5
"Gary Payton",0.466,0.317,16.3,3.9,6.7
"Mahmoud Abdul-Rauf",0.442,0.354,14.6,1.9,3.5
"Dennis Scott",0.417,0.397,12.9,2.8,2.1
"Kendall Gill",0.434,0.3,13.4,4.1,3
"Felton Spencer",0.484,0,5.2,5.4,0.3
"Lionel Simmons",0.433,0.305,12.8,6.2,3.3
"Bo Kimble",0.386,0.291,5.5,1.5,0.9
"Willie Burton",0.424,0.345,10.3,2.9,1.2
"Rumeal Robinson",0.432,0.344,7.6,1.8,3.5
"Tyrone Hill",0.502,0,9.4,8.6,0.8
"Alec Kessler",0.426,0.417,5.2,3.6,0.4
"Loy Vaught",0.504,0.244,10.1,7.1,0.9
"Travis Mays",0.41,0.362,11.1,2,2.8
"Dave Jamerson",0.392,0.277,3.4,0.9,0.7
"Terry Mills",0.457,0.384,10.6,5.4,1.3
"Jerrod Mustaf",0.449,0,4,2.5,0.6
"Duane Causwell",0.507,0.286,4.9,4.2,0.4
"Dee Brown",0.436,0.357,11.1,2.6,3.7
"Gerald Glass",0.433,0.236,7.7,2.5,1.5
"Jayson Williams",0.44,0.125,7.3,7.5,0.6
"Tate George",0.414,0.071,4.2,1,1.8
"Anthony Bonner",0.468,0.125,6.9,5.4,1.4
"Dwayne Schintzius",0.404,0.125,2.7,2.5,0.4
"Alaa Abdelnaby",0.502,0,5.7,3.3,0.3
"Lance Blanks",0.436,0.253,2,0.8,0.8
"Elden Campbell",0.46,0.054,10.3,5.9,1.1
"Les Jepsen",0.333,0,1,1.3,0
"Toni Kukoc",0.447,0.335,11.6,4.2,3.7
"Carl Herrera",0.476,0.143,5.3,3.6,0.6
"Negele Knight",0.436,0.263,6.2,1.3,2.8
"Brian Oliver",0.388,0.227,3.3,1,1
"Walter Palmer",0.412,0,2.1,1.4,0.2
"Kevin Pritchard",0.399,0.186,3.6,1,1.6
"Greg Foster",0.44,0.225,3.9,2.6,0.5
"Trevor Wilson",0.456,0,5.7,3.4,1
"A.J. English",0.435,0.138,9.9,2.1,2.1
"Jud Buechler",0.433,0.366,3.3,1.8,0.8
"Steve Scheffler",0.558,0.2,1.9,1,0.1
"Bimbo Coles",0.425,0.267,7.8,2.1,3.9
"Steve Bardo",0.329,0.1,2.2,1.8,1.3
"Marcus Liberty",0.417,0.34,7.3,3.5,0.9
"Tony Massenburg",0.47,0.091,6.2,4.3,0.4
"Steve Henson",0.403,0.432,3.1,0.7,2
"Antonio Davis",0.448,0.087,10,7.5,1.1
"Kenny Williams",0.511,0,4.8,2.7,0.6
"Derek Strong",0.43,0.18,6.8,4.9,0.6
"Cedric Ceballos",0.5,0.309,14.3,5.3,1.2
"Phil Henderson",NA,NA,NA,NA,NA
"Milos Babic",0.375,NA,1.8,1,0.5
"Tony Smith",0.431,0.307,5.5,1.6,1.9
"Stefano Rusconi",0.333,NA,1.1,0.9,0.4
"Abdul Shamsid-Deen",NA,NA,NA,NA,NA
"Sean Higgins",0.428,0.321,6.3,1.8,1
"Pervis Ellison",0.51,0.05,9.5,6.7,1.5
"Danny Ferry",0.446,0.393,7,2.8,1.3
"Sean Elliott",0.465,0.375,14.2,4.3,2.6
"Glen Rice",0.456,0.4,18.3,4.4,2.1
"J.R. Reid",0.472,0.135,8.5,5,1
"Stacey King",0.478,0.235,6.4,3.3,0.9
"George McCloud",0.402,0.358,9,3.1,2.3
"Randy White",0.401,0.193,7.4,4.9,0.6
"Tom Hammonds",0.48,0,5.3,3.3,0.6
"Pooh Richardson",0.444,0.329,11.1,2.8,6.5
"Nick Anderson",0.446,0.356,14.4,5.1,2.6
"Mookie Blaylock",0.409,0.336,13.5,4.1,6.7
"Michael Smith",0.474,0.15,5,1.5,1
"Tim Hardaway",0.431,0.355,17.7,3.3,8.2
"Todd Lichti",0.46,0.244,7.9,2.1,1.4
"Dana Barros",0.46,0.411,10.5,1.9,3.3
"Shawn Kemp",0.488,0.277,14.6,8.4,1.6
"B.J. Armstrong",0.477,0.425,9.8,1.8,3.3
"Kenny Payne",0.41,0.293,3.5,1.2,0.4
"Jeff Sanders",0.395,NA,2,1.9,0.5
"Blue Edwards",0.475,0.335,10.8,3.4,2
"Byron Irvin",0.471,0.35,5.2,1.4,0.8
"Roy Marble",0.257,0,1.9,1.1,0.4
"Anthony Cook",0.439,0,3.6,3.7,0.3
"John Morton",0.386,0.224,4.8,1.3,2.7
"Vlade Divac",0.495,0.235,11.8,8.2,3.1
"Kenny Battle",0.504,0.133,4.7,2.4,0.8
"Sherman Douglas",0.484,0.267,11,2.2,5.9
"Dyron Nix",0.359,NA,2,1.3,0.3
"Frank Kornet",0.369,0.263,1.9,1.1,0.3
"Jeff Martin",0.417,0.282,6.7,2,0.8
"Stanley Brundy",0.5,NA,2.3,1.6,0.2
"Jay Edwards",0.429,0,1.8,0.5,1
"Gary Leonard",0.459,0,1.4,1.1,0.1
"Pat Durham",0.469,0.192,5,1.7,0.9
"Clifford Robinson",0.438,0.356,14.2,4.6,2.2
"Michael Ansley",0.513,NA,6.9,4.2,0.4
"Doug West",0.481,0.191,9.6,2.5,1.9
"Ed Horton",0.494,0,4.5,2.4,0.4
"Dino Radja",0.497,0,16.7,8.4,1.6
"Doug Roth",0.43,0,1.9,2.9,0.5
"Michael Cutright",NA,NA,NA,NA,NA
"Chucky Brown",0.491,0.227,5.9,3.1,0.8
"Reggie Cross",NA,NA,NA,NA,NA
"Scott Haffner",0.403,0.13,4.3,1.1,1.8
"Ricky Blanton",0.429,NA,3,1.5,0.5
"Reggie Turner",NA,NA,NA,NA,NA
"Junie Lewis",NA,NA,NA,NA,NA
"Haywoode Workman",0.419,0.323,5.5,2.3,3.9
"Brian Quinnett",0.414,0.326,3.4,1.6,0.6
"Mike Morrison",0.338,0.286,2,0.6,0.3
"Greg Grant",0.383,0.281,2.8,0.9,2.7
"Jeff Hodge",NA,NA,NA,NA,NA
"Toney Mack",NA,NA,NA,NA,NA
